[9780:17604:0921/154914.367:WARNING:chrome_main_delegate.cc(745)] This is Chrome version 128.0.6613.138 (not a warning)
[9780:26656:0921/154914.430:ERROR:google_update_settings.cc(265)] Failed opening key Software\Chromium to set usagestats; result: 5
[9780:17604:0921/154914.438:WARNING:account_consistency_mode_manager.cc(77)] Desktop Identity Consistency cannot be enabled as no OAuth client ID and client secret have been configured.
[25508:24884:0921/154916.839:WARNING:frame_impl.cc(430)] virtual CefFrameImpl::SendProcessMessage sent to detached frame 5-B134BE75191842F4173E52FA98329CC7 will be ignored
[9780:684:0921/154920.572:ERROR:cast_crl.cc(443)] CRL - Verification failed.
[9780:684:0921/154920.650:ERROR:cast_crl.cc(443)] CRL - Verification failed.
[9780:684:0921/154920.676:ERROR:cast_crl.cc(443)] CRL - Verification failed.
[9780:17604:0921/154927.615:ERROR:device_event_log_impl.cc(196)] [15:49:27.614] USB: usb_service_win.cc:105 SetupDiGetDeviceProperty({{A45C254E-DF1C-4EFD-8020-67D146A850E0}, 6}) failed: Element not found. (0x490)
[9780:684:0921/154930.287:ERROR:cast_crl.cc(443)] CRL - Verification failed.
[9780:17604:0921/154940.096:ERROR:device_event_log_impl.cc(196)] [15:49:40.096] USB: usb_service_win.cc:105 SetupDiGetDeviceProperty({{A45C254E-DF1C-4EFD-8020-67D146A850E0}, 6}) failed: Element not found. (0x490)
[9780:684:0921/154941.280:ERROR:cast_crl.cc(443)] CRL - Verification failed.
[9780:17604:0921/155029.487:ERROR:device_event_log_impl.cc(196)] [15:50:29.432] USB: usb_service_win.cc:515 Failed to add device interface: \\.\pipe\hid#vid_045e&pid_028e&ig_00#057e&2009&000098b6e91e2ede#0#9780: Error (0x13D) while retrieving error. (0xE0000225)
[9780:684:0921/155255.842:ERROR:cast_crl.cc(443)] CRL - Verification failed.
[9780:684:0921/155255.984:ERROR:cast_crl.cc(443)] CRL - Verification failed.
[9780:684:0921/155257.689:ERROR:cast_crl.cc(443)] CRL - Verification failed.
[9780:684:0921/155257.899:ERROR:cast_crl.cc(443)] CRL - Verification failed.
[9780:684:0921/155308.337:ERROR:cast_crl.cc(443)] CRL - Verification failed.
[9780:684:0921/155323.233:ERROR:cast_crl.cc(443)] CRL - Verification failed.
[9780:684:0921/160720.283:ERROR:cast_crl.cc(443)] CRL - Verification failed.
[9780:684:0921/160720.383:ERROR:cast_crl.cc(443)] CRL - Verification failed.
[9780:684:0921/160730.534:ERROR:cast_crl.cc(443)] CRL - Verification failed.
[9780:684:0921/160746.009:ERROR:cast_crl.cc(443)] CRL - Verification failed.
[9780:684:0921/162720.293:ERROR:cast_crl.cc(443)] CRL - Verification failed.
[9780:684:0921/162720.398:ERROR:cast_crl.cc(443)] CRL - Verification failed.
[9780:684:0921/162734.046:ERROR:cast_crl.cc(443)] CRL - Verification failed.
[9780:684:0921/162747.381:ERROR:cast_crl.cc(443)] CRL - Verification failed.
[9780:684:0921/163721.178:ERROR:cast_crl.cc(443)] CRL - Verification failed.
[9780:684:0921/163721.833:ERROR:cast_crl.cc(443)] CRL - Verification failed.
[9780:684:0921/163730.910:ERROR:cast_crl.cc(443)] CRL - Verification failed.
[9780:684:0921/163738.836:ERROR:cast_crl.cc(443)] CRL - Verification failed.
[9780:684:0921/180356.077:ERROR:cast_crl.cc(443)] CRL - Verification failed.
[9780:684:0921/180505.041:ERROR:cast_crl.cc(443)] CRL - Verification failed.
[9780:684:0921/180506.070:ERROR:cast_crl.cc(443)] CRL - Verification failed.
[9780:684:0921/180507.853:ERROR:cast_crl.cc(443)] CRL - Verification failed.
[9780:684:0921/180508.516:ERROR:cast_crl.cc(443)] CRL - Verification failed.
[9780:684:0921/180508.689:ERROR:cast_crl.cc(443)] CRL - Verification failed.
[9780:684:0921/180514.075:ERROR:cast_crl.cc(443)] CRL - Verification failed.
[9780:684:0921/180514.861:ERROR:cast_crl.cc(443)] CRL - Verification failed.
[9780:684:0921/180518.028:ERROR:cast_crl.cc(443)] CRL - Verification failed.
[9780:684:0921/180522.162:ERROR:cast_crl.cc(443)] CRL - Verification failed.
[9780:684:0921/180526.336:ERROR:cast_crl.cc(443)] CRL - Verification failed.
[9780:684:0921/180526.974:ERROR:cast_crl.cc(443)] CRL - Verification failed.
[9780:684:0921/180530.648:ERROR:cast_crl.cc(443)] CRL - Verification failed.
[9780:684:0921/180536.978:ERROR:cast_crl.cc(443)] CRL - Verification failed.
[9780:684:0921/180616.024:ERROR:cast_crl.cc(443)] CRL - Verification failed.
[9780:684:0921/180616.646:ERROR:cast_crl.cc(443)] CRL - Verification failed.
[9780:684:0921/180630.319:ERROR:cast_crl.cc(443)] CRL - Verification failed.
[9780:684:0921/180640.730:ERROR:cast_crl.cc(443)] CRL - Verification failed.
[9780:684:0921/182825.572:ERROR:cast_crl.cc(443)] CRL - Verification failed.
[9780:684:0921/182924.163:ERROR:cast_crl.cc(443)] CRL - Verification failed.
[9780:684:0921/183044.081:ERROR:cast_crl.cc(443)] CRL - Verification failed.
[9780:684:0921/183217.270:ERROR:cast_crl.cc(443)] CRL - Verification failed.
[9780:684:0921/183408.234:ERROR:cast_crl.cc(443)] CRL - Verification failed.
[9780:684:0921/183648.404:ERROR:cast_crl.cc(443)] CRL - Verification failed.
[9780:684:0921/183811.533:ERROR:cast_crl.cc(443)] CRL - Verification failed.
[9780:684:0921/183940.209:ERROR:cast_crl.cc(443)] CRL - Verification failed.
[9780:684:0921/184028.686:ERROR:cast_crl.cc(443)] CRL - Verification failed.
[9780:684:0921/184247.135:ERROR:cast_crl.cc(443)] CRL - Verification failed.
[9780:684:0921/184452.116:ERROR:cast_crl.cc(443)] CRL - Verification failed.
[9780:684:0921/184535.959:ERROR:cast_crl.cc(443)] CRL - Verification failed.
[9780:684:0921/184713.826:ERROR:cast_crl.cc(443)] CRL - Verification failed.
[9780:684:0921/184752.616:ERROR:cast_crl.cc(443)] CRL - Verification failed.
[9780:684:0921/184932.711:ERROR:cast_crl.cc(443)] CRL - Verification failed.
[9780:684:0921/185034.484:ERROR:cast_crl.cc(443)] CRL - Verification failed.
[9780:684:0921/185107.530:ERROR:cast_crl.cc(443)] CRL - Verification failed.
[9780:684:0921/185233.472:ERROR:cast_crl.cc(443)] CRL - Verification failed.
[9780:684:0921/185321.811:ERROR:cast_crl.cc(443)] CRL - Verification failed.
[9780:684:0921/185449.562:ERROR:cast_crl.cc(443)] CRL - Verification failed.
[9780:684:0921/185535.426:ERROR:cast_crl.cc(443)] CRL - Verification failed.
[9780:684:0921/185649.040:ERROR:cast_crl.cc(443)] CRL - Verification failed.
[9780:684:0921/185754.357:ERROR:cast_crl.cc(443)] CRL - Verification failed.
[9780:684:0921/185930.050:ERROR:cast_crl.cc(443)] CRL - Verification failed.
[9780:684:0921/185959.434:ERROR:cast_crl.cc(443)] CRL - Verification failed.
[9780:684:0921/190113.110:ERROR:cast_crl.cc(443)] CRL - Verification failed.
[9780:684:0921/190313.369:ERROR:cast_crl.cc(443)] CRL - Verification failed.
[9780:684:0921/190357.288:ERROR:cast_crl.cc(443)] CRL - Verification failed.
[9780:684:0921/190505.238:ERROR:cast_crl.cc(443)] CRL - Verification failed.
[9780:684:0921/190705.046:ERROR:cast_crl.cc(443)] CRL - Verification failed.
[9780:684:0921/190753.251:ERROR:cast_crl.cc(443)] CRL - Verification failed.
[9780:684:0921/190916.761:ERROR:cast_crl.cc(443)] CRL - Verification failed.
[9780:684:0921/191009.581:ERROR:cast_crl.cc(443)] CRL - Verification failed.
[9780:684:0921/191218.286:ERROR:cast_crl.cc(443)] CRL - Verification failed.
[9780:684:0921/191319.057:ERROR:cast_crl.cc(443)] CRL - Verification failed.
[9780:684:0921/191353.783:ERROR:cast_crl.cc(443)] CRL - Verification failed.
[9780:684:0921/191452.728:ERROR:cast_crl.cc(443)] CRL - Verification failed.
[9780:684:0921/191603.830:ERROR:cast_crl.cc(443)] CRL - Verification failed.
[9780:684:0921/191711.920:ERROR:cast_crl.cc(443)] CRL - Verification failed.
[9780:684:0921/191739.465:ERROR:cast_crl.cc(443)] CRL - Verification failed.
[9780:684:0921/191814.067:ERROR:cast_crl.cc(443)] CRL - Verification failed.
[9780:684:0921/191946.525:ERROR:cast_crl.cc(443)] CRL - Verification failed.
[9780:684:0921/192124.518:ERROR:cast_crl.cc(443)] CRL - Verification failed.
[9780:684:0921/192204.585:ERROR:cast_crl.cc(443)] CRL - Verification failed.
[9780:684:0921/192255.735:ERROR:cast_crl.cc(443)] CRL - Verification failed.
[9780:684:0921/192359.227:ERROR:cast_crl.cc(443)] CRL - Verification failed.
[9780:684:0921/192503.489:ERROR:cast_crl.cc(443)] CRL - Verification failed.
[9780:684:0921/192547.655:ERROR:cast_crl.cc(443)] CRL - Verification failed.
[9780:684:0921/192609.161:ERROR:cast_crl.cc(443)] CRL - Verification failed.
[9780:684:0921/192658.625:ERROR:cast_crl.cc(443)] CRL - Verification failed.
[9780:684:0921/192816.854:ERROR:cast_crl.cc(443)] CRL - Verification failed.
[9780:684:0921/192923.740:ERROR:cast_crl.cc(443)] CRL - Verification failed.
[9780:684:0921/193000.187:ERROR:cast_crl.cc(443)] CRL - Verification failed.
[9780:684:0921/193107.869:ERROR:cast_crl.cc(443)] CRL - Verification failed.
[9780:684:0921/193144.857:ERROR:cast_crl.cc(443)] CRL - Verification failed.
[9780:684:0921/193230.413:ERROR:cast_crl.cc(443)] CRL - Verification failed.
[9780:684:0921/193320.894:ERROR:cast_crl.cc(443)] CRL - Verification failed.
[9780:684:0921/193603.749:ERROR:cast_crl.cc(443)] CRL - Verification failed.
[9780:684:0921/193709.823:ERROR:cast_crl.cc(443)] CRL - Verification failed.
[9780:684:0921/193745.851:ERROR:cast_crl.cc(443)] CRL - Verification failed.
[9780:684:0921/193834.639:ERROR:cast_crl.cc(443)] CRL - Verification failed.
[9780:684:0921/193919.422:ERROR:cast_crl.cc(443)] CRL - Verification failed.
[9780:684:0921/194055.706:ERROR:cast_crl.cc(443)] CRL - Verification failed.
[9780:684:0921/194141.655:ERROR:cast_crl.cc(443)] CRL - Verification failed.
[9780:684:0921/194312.355:ERROR:cast_crl.cc(443)] CRL - Verification failed.
[9780:684:0921/194348.728:ERROR:cast_crl.cc(443)] CRL - Verification failed.
[9780:684:0921/194446.530:ERROR:cast_crl.cc(443)] CRL - Verification failed.
[9780:684:0921/194516.627:ERROR:cast_crl.cc(443)] CRL - Verification failed.
[9780:684:0921/194558.721:ERROR:cast_crl.cc(443)] CRL - Verification failed.
[9780:684:0921/194656.349:ERROR:cast_crl.cc(443)] CRL - Verification failed.
[9780:684:0921/194749.162:ERROR:cast_crl.cc(443)] CRL - Verification failed.
[9780:684:0921/194850.295:ERROR:cast_crl.cc(443)] CRL - Verification failed.
[9780:684:0921/194939.099:ERROR:cast_crl.cc(443)] CRL - Verification failed.
[9780:684:0921/195046.593:ERROR:cast_crl.cc(443)] CRL - Verification failed.
[9780:684:0921/195124.693:ERROR:cast_crl.cc(443)] CRL - Verification failed.
[9780:684:0921/195157.707:ERROR:cast_crl.cc(443)] CRL - Verification failed.
[9780:684:0921/195252.481:ERROR:cast_crl.cc(443)] CRL - Verification failed.
[9780:684:0921/195336.957:ERROR:cast_crl.cc(443)] CRL - Verification failed.
[9780:684:0921/195520.132:ERROR:cast_crl.cc(443)] CRL - Verification failed.
[9780:684:0921/195551.786:ERROR:cast_crl.cc(443)] CRL - Verification failed.
[9780:684:0921/195733.037:ERROR:cast_crl.cc(443)] CRL - Verification failed.
[9780:684:0921/195836.156:ERROR:cast_crl.cc(443)] CRL - Verification failed.
[9780:684:0921/195928.293:ERROR:cast_crl.cc(443)] CRL - Verification failed.
[9780:684:0921/200103.452:ERROR:cast_crl.cc(443)] CRL - Verification failed.
[9780:684:0921/200226.183:ERROR:cast_crl.cc(443)] CRL - Verification failed.
[9780:684:0921/200339.197:ERROR:cast_crl.cc(443)] CRL - Verification failed.
[9780:684:0921/200507.964:ERROR:cast_crl.cc(443)] CRL - Verification failed.
[9780:684:0921/200541.847:ERROR:cast_crl.cc(443)] CRL - Verification failed.
[9780:684:0921/200656.823:ERROR:cast_crl.cc(443)] CRL - Verification failed.
[9780:684:0921/200748.457:ERROR:cast_crl.cc(443)] CRL - Verification failed.
[9780:684:0921/200856.598:ERROR:cast_crl.cc(443)] CRL - Verification failed.
[9780:684:0921/200931.746:ERROR:cast_crl.cc(443)] CRL - Verification failed.
[9780:684:0921/201027.703:ERROR:cast_crl.cc(443)] CRL - Verification failed.
[9780:684:0921/201123.975:ERROR:cast_crl.cc(443)] CRL - Verification failed.
[9780:684:0921/201242.682:ERROR:cast_crl.cc(443)] CRL - Verification failed.
[9780:684:0921/201314.297:ERROR:cast_crl.cc(443)] CRL - Verification failed.
[9780:684:0921/201335.154:ERROR:cast_crl.cc(443)] CRL - Verification failed.
[9780:684:0921/201459.062:ERROR:cast_crl.cc(443)] CRL - Verification failed.
[9780:684:0921/201535.084:ERROR:cast_crl.cc(443)] CRL - Verification failed.
[9780:684:0921/201714.673:ERROR:cast_crl.cc(443)] CRL - Verification failed.
[9780:684:0921/201750.813:ERROR:cast_crl.cc(443)] CRL - Verification failed.
[9780:684:0921/201855.232:ERROR:cast_crl.cc(443)] CRL - Verification failed.
[9780:684:0921/201940.900:ERROR:cast_crl.cc(443)] CRL - Verification failed.
[9780:684:0921/202100.526:ERROR:cast_crl.cc(443)] CRL - Verification failed.
[9780:684:0921/202137.048:ERROR:cast_crl.cc(443)] CRL - Verification failed.
[9780:684:0921/202244.682:ERROR:cast_crl.cc(443)] CRL - Verification failed.
[9780:684:0921/202337.481:ERROR:cast_crl.cc(443)] CRL - Verification failed.
[9780:684:0921/202443.651:ERROR:cast_crl.cc(443)] CRL - Verification failed.
[9780:684:0921/202527.904:ERROR:cast_crl.cc(443)] CRL - Verification failed.
[9780:684:0921/202643.954:ERROR:cast_crl.cc(443)] CRL - Verification failed.
[9780:684:0921/202735.033:ERROR:cast_crl.cc(443)] CRL - Verification failed.
[9780:684:0921/202827.015:ERROR:cast_crl.cc(443)] CRL - Verification failed.
[9780:684:0921/202919.802:ERROR:cast_crl.cc(443)] CRL - Verification failed.
[9780:684:0921/202953.468:ERROR:cast_crl.cc(443)] CRL - Verification failed.
[9780:684:0921/203025.140:ERROR:cast_crl.cc(443)] CRL - Verification failed.
[9780:684:0921/203106.914:ERROR:cast_crl.cc(443)] CRL - Verification failed.
[9780:684:0921/203156.443:ERROR:cast_crl.cc(443)] CRL - Verification failed.
[9780:684:0921/203257.507:ERROR:cast_crl.cc(443)] CRL - Verification failed.
[9780:684:0921/203350.468:ERROR:cast_crl.cc(443)] CRL - Verification failed.
[9780:684:0921/203534.513:ERROR:cast_crl.cc(443)] CRL - Verification failed.
[9780:684:0921/203626.000:ERROR:cast_crl.cc(443)] CRL - Verification failed.
[9780:684:0921/203702.058:ERROR:cast_crl.cc(443)] CRL - Verification failed.
[9780:684:0921/203755.892:ERROR:cast_crl.cc(443)] CRL - Verification failed.
[9780:684:0921/203844.559:ERROR:cast_crl.cc(443)] CRL - Verification failed.
[9780:684:0921/203941.973:ERROR:cast_crl.cc(443)] CRL - Verification failed.
[9780:684:0921/204033.571:ERROR:cast_crl.cc(443)] CRL - Verification failed.
[9780:684:0921/204055.138:ERROR:cast_crl.cc(443)] CRL - Verification failed.
[9780:684:0921/204143.822:ERROR:cast_crl.cc(443)] CRL - Verification failed.
[9780:684:0921/204220.949:ERROR:cast_crl.cc(443)] CRL - Verification failed.
[9780:684:0921/204307.785:ERROR:cast_crl.cc(443)] CRL - Verification failed.
[9780:684:0921/204401.409:ERROR:cast_crl.cc(443)] CRL - Verification failed.
[9780:684:0921/204435.952:ERROR:cast_crl.cc(443)] CRL - Verification failed.
[9780:684:0921/204722.617:ERROR:cast_crl.cc(443)] CRL - Verification failed.
[9780:684:0921/204723.285:ERROR:cast_crl.cc(443)] CRL - Verification failed.
[9780:684:0921/204729.826:ERROR:cast_crl.cc(443)] CRL - Verification failed.
[9780:684:0921/204731.621:ERROR:cast_crl.cc(443)] CRL - Verification failed.
[9780:684:0921/204743.197:ERROR:cast_crl.cc(443)] CRL - Verification failed.
[9780:684:0921/204813.039:ERROR:cast_crl.cc(443)] CRL - Verification failed.
[9780:684:0921/205025.999:ERROR:cast_crl.cc(443)] CRL - Verification failed.
[9780:684:0921/205116.499:ERROR:cast_crl.cc(443)] CRL - Verification failed.
[9780:684:0921/205418.505:ERROR:cast_crl.cc(443)] CRL - Verification failed.
[9780:684:0921/205538.628:ERROR:cast_crl.cc(443)] CRL - Verification failed.
[9780:684:0921/205617.391:ERROR:cast_crl.cc(443)] CRL - Verification failed.
[9780:684:0921/205801.761:ERROR:cast_crl.cc(443)] CRL - Verification failed.
[9780:684:0921/210017.105:ERROR:cast_crl.cc(443)] CRL - Verification failed.
[9780:684:0921/210237.216:ERROR:cast_crl.cc(443)] CRL - Verification failed.
[9780:684:0921/210404.377:ERROR:cast_crl.cc(443)] CRL - Verification failed.
[9780:684:0921/210509.460:ERROR:cast_crl.cc(443)] CRL - Verification failed.
[9780:684:0921/210510.124:ERROR:cast_crl.cc(443)] CRL - Verification failed.
[9780:684:0921/210522.505:ERROR:cast_crl.cc(443)] CRL - Verification failed.
[9780:684:0921/210540.096:ERROR:cast_crl.cc(443)] CRL - Verification failed.
[9780:684:0921/210554.831:ERROR:cast_crl.cc(443)] CRL - Verification failed.
[9780:684:0921/210618.523:ERROR:cast_crl.cc(443)] CRL - Verification failed.
[9780:684:0921/210726.932:ERROR:cast_crl.cc(443)] CRL - Verification failed.
[9780:684:0921/210814.517:ERROR:cast_crl.cc(443)] CRL - Verification failed.
[9780:684:0921/210942.682:ERROR:cast_crl.cc(443)] CRL - Verification failed.
[9780:684:0921/211004.061:ERROR:cast_crl.cc(443)] CRL - Verification failed.
[9780:684:0921/211028.105:ERROR:cast_crl.cc(443)] CRL - Verification failed.
[9780:684:0921/211221.900:ERROR:cast_crl.cc(443)] CRL - Verification failed.
[9780:684:0921/211331.082:ERROR:cast_crl.cc(443)] CRL - Verification failed.
[9780:684:0921/211438.386:ERROR:cast_crl.cc(443)] CRL - Verification failed.
[9780:684:0921/211545.924:ERROR:cast_crl.cc(443)] CRL - Verification failed.
[9780:684:0921/211657.259:ERROR:cast_crl.cc(443)] CRL - Verification failed.
[9780:684:0921/211801.916:ERROR:cast_crl.cc(443)] CRL - Verification failed.
[9780:684:0921/212039.854:ERROR:cast_crl.cc(443)] CRL - Verification failed.
[9780:684:0921/212146.564:ERROR:cast_crl.cc(443)] CRL - Verification failed.
[9780:684:0921/212256.051:ERROR:cast_crl.cc(443)] CRL - Verification failed.
[9780:684:0921/212426.685:ERROR:cast_crl.cc(443)] CRL - Verification failed.
[9780:684:0921/212534.031:ERROR:cast_crl.cc(443)] CRL - Verification failed.
[9780:684:0921/212643.290:ERROR:cast_crl.cc(443)] CRL - Verification failed.
[9780:684:0921/212734.090:ERROR:cast_crl.cc(443)] CRL - Verification failed.
[9780:684:0921/213650.843:ERROR:cast_crl.cc(443)] CRL - Verification failed.
[9780:684:0921/213818.292:ERROR:cast_crl.cc(443)] CRL - Verification failed.
[9780:684:0921/213903.479:ERROR:cast_crl.cc(443)] CRL - Verification failed.
[9780:684:0921/213952.593:ERROR:cast_crl.cc(443)] CRL - Verification failed.
[9780:684:0921/214103.572:ERROR:cast_crl.cc(443)] CRL - Verification failed.
[9780:684:0921/214207.569:ERROR:cast_crl.cc(443)] CRL - Verification failed.
[9780:684:0921/214400.626:ERROR:cast_crl.cc(443)] CRL - Verification failed.
[9780:684:0921/214507.813:ERROR:cast_crl.cc(443)] CRL - Verification failed.
[9780:684:0921/214616.574:ERROR:cast_crl.cc(443)] CRL - Verification failed.
[9780:684:0921/214809.255:ERROR:cast_crl.cc(443)] CRL - Verification failed.
[9780:684:0921/214851.650:ERROR:cast_crl.cc(443)] CRL - Verification failed.
[9780:684:0921/214959.235:ERROR:cast_crl.cc(443)] CRL - Verification failed.
[9780:684:0921/215109.950:ERROR:cast_crl.cc(443)] CRL - Verification failed.
[9780:684:0921/215215.872:ERROR:cast_crl.cc(443)] CRL - Verification failed.
[9780:684:0921/215325.726:ERROR:cast_crl.cc(443)] CRL - Verification failed.
[9780:684:0921/215430.052:ERROR:cast_crl.cc(443)] CRL - Verification failed.
[9780:684:0921/215515.365:ERROR:cast_crl.cc(443)] CRL - Verification failed.
[9780:684:0921/215556.129:ERROR:cast_crl.cc(443)] CRL - Verification failed.
[9780:684:0921/215648.004:ERROR:cast_crl.cc(443)] CRL - Verification failed.
[9780:684:0921/215756.362:ERROR:cast_crl.cc(443)] CRL - Verification failed.
[9780:684:0921/215926.758:ERROR:cast_crl.cc(443)] CRL - Verification failed.
[9780:684:0921/220053.389:ERROR:cast_crl.cc(443)] CRL - Verification failed.
[9780:684:0921/220138.397:ERROR:cast_crl.cc(443)] CRL - Verification failed.
[9780:684:0921/220333.906:ERROR:cast_crl.cc(443)] CRL - Verification failed.
[9780:684:0921/220724.732:ERROR:cast_crl.cc(443)] CRL - Verification failed.
[9780:684:0921/220754.711:ERROR:cast_crl.cc(443)] CRL - Verification failed.
[9780:684:0921/220849.228:ERROR:cast_crl.cc(443)] CRL - Verification failed.
[9780:684:0921/220934.144:ERROR:cast_crl.cc(443)] CRL - Verification failed.
[9780:684:0921/221016.771:ERROR:cast_crl.cc(443)] CRL - Verification failed.
[9780:684:0921/221105.944:ERROR:cast_crl.cc(443)] CRL - Verification failed.
[9780:684:0921/221151.016:ERROR:cast_crl.cc(443)] CRL - Verification failed.
[9780:684:0921/221325.831:ERROR:cast_crl.cc(443)] CRL - Verification failed.
[9780:684:0921/221354.760:ERROR:cast_crl.cc(443)] CRL - Verification failed.
[9780:684:0921/221426.444:ERROR:cast_crl.cc(443)] CRL - Verification failed.
[9780:684:0921/221538.170:ERROR:cast_crl.cc(443)] CRL - Verification failed.
[9780:684:0921/221618.408:ERROR:cast_crl.cc(443)] CRL - Verification failed.
[9780:684:0921/221640.041:ERROR:cast_crl.cc(443)] CRL - Verification failed.
[9780:684:0921/221757.272:ERROR:cast_crl.cc(443)] CRL - Verification failed.
[9780:684:0921/221829.004:ERROR:cast_crl.cc(443)] CRL - Verification failed.
[9780:684:0921/222009.241:ERROR:cast_crl.cc(443)] CRL - Verification failed.
[9780:684:0921/222040.914:ERROR:cast_crl.cc(443)] CRL - Verification failed.
[9780:684:0921/222134.273:ERROR:cast_crl.cc(443)] CRL - Verification failed.
[9780:684:0921/222157.929:ERROR:cast_crl.cc(443)] CRL - Verification failed.
[9780:684:0921/222240.273:ERROR:cast_crl.cc(443)] CRL - Verification failed.
[9780:684:0921/222344.252:ERROR:cast_crl.cc(443)] CRL - Verification failed.
[9780:684:0921/222430.746:ERROR:cast_crl.cc(443)] CRL - Verification failed.
[9780:684:0921/222526.043:ERROR:cast_crl.cc(443)] CRL - Verification failed.
[9780:684:0921/222601.984:ERROR:cast_crl.cc(443)] CRL - Verification failed.
[9780:684:0921/222740.160:ERROR:cast_crl.cc(443)] CRL - Verification failed.
[9780:684:0921/222951.352:ERROR:cast_crl.cc(443)] CRL - Verification failed.
[9780:684:0921/223015.132:ERROR:cast_crl.cc(443)] CRL - Verification failed.
[9780:684:0921/223122.594:ERROR:cast_crl.cc(443)] CRL - Verification failed.
[9780:684:0921/223159.065:ERROR:cast_crl.cc(443)] CRL - Verification failed.
[9780:684:0921/223233.263:ERROR:cast_crl.cc(443)] CRL - Verification failed.
[9780:684:0921/223404.060:ERROR:cast_crl.cc(443)] CRL - Verification failed.
[9780:684:0921/223556.610:ERROR:cast_crl.cc(443)] CRL - Verification failed.
[9780:684:0921/223628.069:ERROR:cast_crl.cc(443)] CRL - Verification failed.
[9780:684:0921/223748.089:ERROR:cast_crl.cc(443)] CRL - Verification failed.
[9780:684:0921/223809.760:ERROR:cast_crl.cc(443)] CRL - Verification failed.
[9780:684:0921/223847.350:ERROR:cast_crl.cc(443)] CRL - Verification failed.
[9780:684:0921/224005.969:ERROR:cast_crl.cc(443)] CRL - Verification failed.
[9780:684:0921/224158.133:ERROR:cast_crl.cc(443)] CRL - Verification failed.
[9780:684:0921/224232.476:ERROR:cast_crl.cc(443)] CRL - Verification failed.
[9780:684:0921/224413.183:ERROR:cast_crl.cc(443)] CRL - Verification failed.
[9780:684:0921/224515.425:ERROR:cast_crl.cc(443)] CRL - Verification failed.
[9780:684:0921/224537.173:ERROR:cast_crl.cc(443)] CRL - Verification failed.
[9780:684:0921/224558.754:ERROR:cast_crl.cc(443)] CRL - Verification failed.
[9780:684:0921/224714.401:ERROR:cast_crl.cc(443)] CRL - Verification failed.
[9780:684:0921/224757.730:ERROR:cast_crl.cc(443)] CRL - Verification failed.
[9780:684:0921/224921.551:ERROR:cast_crl.cc(443)] CRL - Verification failed.
[9780:684:0921/225006.891:ERROR:cast_crl.cc(443)] CRL - Verification failed.
[9780:684:0921/225059.320:ERROR:cast_crl.cc(443)] CRL - Verification failed.
[9780:684:0921/225205.479:ERROR:cast_crl.cc(443)] CRL - Verification failed.
[9780:684:0921/225252.248:ERROR:cast_crl.cc(443)] CRL - Verification failed.
[9780:684:0921/225357.493:ERROR:cast_crl.cc(443)] CRL - Verification failed.
[9780:684:0921/225419.281:ERROR:cast_crl.cc(443)] CRL - Verification failed.
[9780:684:0921/225440.832:ERROR:cast_crl.cc(443)] CRL - Verification failed.
[9780:684:0921/225615.282:ERROR:cast_crl.cc(443)] CRL - Verification failed.
[9780:684:0921/225648.951:ERROR:cast_crl.cc(443)] CRL - Verification failed.
[9780:684:0921/225806.206:ERROR:cast_crl.cc(443)] CRL - Verification failed.
[9780:684:0921/225827.965:ERROR:cast_crl.cc(443)] CRL - Verification failed.
[9780:684:0921/225849.547:ERROR:cast_crl.cc(443)] CRL - Verification failed.
[9780:684:0921/225950.982:ERROR:cast_crl.cc(443)] CRL - Verification failed.
[9780:684:0921/230046.424:ERROR:cast_crl.cc(443)] CRL - Verification failed.
[9780:684:0921/230155.473:ERROR:cast_crl.cc(443)] CRL - Verification failed.
[9780:684:0921/230302.546:ERROR:cast_crl.cc(443)] CRL - Verification failed.
[9780:684:0921/230419.092:ERROR:cast_crl.cc(443)] CRL - Verification failed.
[9780:684:0921/230511.948:ERROR:cast_crl.cc(443)] CRL - Verification failed.
[9780:684:0921/230623.127:ERROR:cast_crl.cc(443)] CRL - Verification failed.
[9780:684:0921/230656.727:ERROR:cast_crl.cc(443)] CRL - Verification failed.
[9780:684:0921/230741.338:ERROR:cast_crl.cc(443)] CRL - Verification failed.
[9780:684:0921/230849.210:ERROR:cast_crl.cc(443)] CRL - Verification failed.
[9780:684:0921/230948.233:ERROR:cast_crl.cc(443)] CRL - Verification failed.
[9780:684:0921/231104.897:ERROR:cast_crl.cc(443)] CRL - Verification failed.
[9780:684:0921/231140.766:ERROR:cast_crl.cc(443)] CRL - Verification failed.
[9780:684:0921/231243.122:ERROR:cast_crl.cc(443)] CRL - Verification failed.
[9780:684:0921/231328.952:ERROR:cast_crl.cc(443)] CRL - Verification failed.
[9780:684:0921/231419.139:ERROR:cast_crl.cc(443)] CRL - Verification failed.
[9780:684:0921/231525.765:ERROR:cast_crl.cc(443)] CRL - Verification failed.
[9780:684:0921/231609.292:ERROR:cast_crl.cc(443)] CRL - Verification failed.
[9780:684:0921/231719.835:ERROR:cast_crl.cc(443)] CRL - Verification failed.
[9780:684:0921/231802.644:ERROR:cast_crl.cc(443)] CRL - Verification failed.
[9780:684:0921/231836.162:ERROR:cast_crl.cc(443)] CRL - Verification failed.
[9780:684:0921/231923.084:ERROR:cast_crl.cc(443)] CRL - Verification failed.
[9780:684:0921/232014.746:ERROR:cast_crl.cc(443)] CRL - Verification failed.
[9780:684:0921/232100.651:ERROR:cast_crl.cc(443)] CRL - Verification failed.
[9780:684:0921/232136.051:ERROR:cast_crl.cc(443)] CRL - Verification failed.
[9780:684:0921/232209.563:ERROR:cast_crl.cc(443)] CRL - Verification failed.
[9780:684:0921/232314.799:ERROR:cast_crl.cc(443)] CRL - Verification failed.
[9780:684:0921/232405.213:ERROR:cast_crl.cc(443)] CRL - Verification failed.
[9780:684:0921/232438.895:ERROR:cast_crl.cc(443)] CRL - Verification failed.
[9780:684:0921/232527.902:ERROR:cast_crl.cc(443)] CRL - Verification failed.
[9780:684:0921/232606.814:ERROR:cast_crl.cc(443)] CRL - Verification failed.
[9780:684:0921/232737.593:ERROR:cast_crl.cc(443)] CRL - Verification failed.
[9780:684:0921/232809.261:ERROR:cast_crl.cc(443)] CRL - Verification failed.
[9780:684:0921/232843.758:ERROR:cast_crl.cc(443)] CRL - Verification failed.
[9780:684:0921/232932.973:ERROR:cast_crl.cc(443)] CRL - Verification failed.
[9780:684:0921/233014.000:ERROR:cast_crl.cc(443)] CRL - Verification failed.
[9780:684:0921/233035.613:ERROR:cast_crl.cc(443)] CRL - Verification failed.
[9780:684:0921/233122.529:ERROR:cast_crl.cc(443)] CRL - Verification failed.
[9780:684:0921/233146.293:ERROR:cast_crl.cc(443)] CRL - Verification failed.
[9780:684:0921/233254.969:ERROR:cast_crl.cc(443)] CRL - Verification failed.
[9780:684:0921/233344.763:ERROR:cast_crl.cc(443)] CRL - Verification failed.
[9780:684:0921/233435.985:ERROR:cast_crl.cc(443)] CRL - Verification failed.
[9780:684:0921/233546.335:ERROR:cast_crl.cc(443)] CRL - Verification failed.
[9780:684:0921/233651.146:ERROR:cast_crl.cc(443)] CRL - Verification failed.
[9780:684:0921/233821.760:ERROR:cast_crl.cc(443)] CRL - Verification failed.
[9780:684:0921/233908.146:ERROR:cast_crl.cc(443)] CRL - Verification failed.
[9780:684:0921/234027.567:ERROR:cast_crl.cc(443)] CRL - Verification failed.
[9780:684:0921/234103.438:ERROR:cast_crl.cc(443)] CRL - Verification failed.
[9780:684:0921/234206.964:ERROR:cast_crl.cc(443)] CRL - Verification failed.
[9780:684:0921/234248.312:ERROR:cast_crl.cc(443)] CRL - Verification failed.
[9780:684:0921/234401.436:ERROR:cast_crl.cc(443)] CRL - Verification failed.
[9780:684:0921/234440.955:ERROR:cast_crl.cc(443)] CRL - Verification failed.
[9780:684:0921/234456.333:ERROR:cast_crl.cc(443)] CRL - Verification failed.
[9780:684:0921/234520.101:ERROR:cast_crl.cc(443)] CRL - Verification failed.
[9780:684:0921/234638.366:ERROR:cast_crl.cc(443)] CRL - Verification failed.
[9780:684:0921/234659.114:ERROR:cast_crl.cc(443)] CRL - Verification failed.
[9780:684:0921/234719.923:ERROR:cast_crl.cc(443)] CRL - Verification failed.
[9780:684:0921/234808.127:ERROR:cast_crl.cc(443)] CRL - Verification failed.
[9780:684:0921/234843.016:ERROR:cast_crl.cc(443)] CRL - Verification failed.
[9780:684:0921/234938.480:ERROR:cast_crl.cc(443)] CRL - Verification failed.
[9780:684:0921/235036.816:ERROR:cast_crl.cc(443)] CRL - Verification failed.
[9780:684:0921/235118.158:ERROR:cast_crl.cc(443)] CRL - Verification failed.
[9780:684:0921/235139.729:ERROR:cast_crl.cc(443)] CRL - Verification failed.
[9780:684:0921/235232.409:ERROR:cast_crl.cc(443)] CRL - Verification failed.
[9780:684:0921/235325.424:ERROR:cast_crl.cc(443)] CRL - Verification failed.
[9780:684:0921/235347.132:ERROR:cast_crl.cc(443)] CRL - Verification failed.
[9780:684:0921/235451.203:ERROR:cast_crl.cc(443)] CRL - Verification failed.
[9780:684:0921/235530.100:ERROR:cast_crl.cc(443)] CRL - Verification failed.
[9780:684:0921/235744.289:ERROR:cast_crl.cc(443)] CRL - Verification failed.
[9780:684:0921/235835.228:ERROR:cast_crl.cc(443)] CRL - Verification failed.
[9780:684:0921/235924.142:ERROR:cast_crl.cc(443)] CRL - Verification failed.
[9780:684:0922/000046.615:ERROR:cast_crl.cc(443)] CRL - Verification failed.
[9780:684:0922/000108.256:ERROR:cast_crl.cc(443)] CRL - Verification failed.
[9780:684:0922/000140.168:ERROR:cast_crl.cc(443)] CRL - Verification failed.
[9780:684:0922/000239.540:ERROR:cast_crl.cc(443)] CRL - Verification failed.
[9780:684:0922/000408.287:ERROR:cast_crl.cc(443)] CRL - Verification failed.
[9780:684:0922/000515.536:ERROR:cast_crl.cc(443)] CRL - Verification failed.
[9780:684:0922/000549.372:ERROR:cast_crl.cc(443)] CRL - Verification failed.
[9780:684:0922/000627.974:ERROR:cast_crl.cc(443)] CRL - Verification failed.
[9780:684:0922/000735.229:ERROR:cast_crl.cc(443)] CRL - Verification failed.
[9780:684:0922/000829.233:ERROR:cast_crl.cc(443)] CRL - Verification failed.
[9780:684:0922/000925.242:ERROR:cast_crl.cc(443)] CRL - Verification failed.
[9780:684:0922/001011.252:ERROR:cast_crl.cc(443)] CRL - Verification failed.
[9780:684:0922/001122.931:ERROR:cast_crl.cc(443)] CRL - Verification failed.
[9780:684:0922/001207.612:ERROR:cast_crl.cc(443)] CRL - Verification failed.
[9780:684:0922/001307.284:ERROR:cast_crl.cc(443)] CRL - Verification failed.
[9780:684:0922/001420.962:ERROR:cast_crl.cc(443)] CRL - Verification failed.
[9780:684:0922/001454.968:ERROR:cast_crl.cc(443)] CRL - Verification failed.
[9780:684:0922/001635.006:ERROR:cast_crl.cc(443)] CRL - Verification failed.
[9780:684:0922/001656.749:ERROR:cast_crl.cc(443)] CRL - Verification failed.
[9780:684:0922/001805.665:ERROR:cast_crl.cc(443)] CRL - Verification failed.
[9780:684:0922/001850.339:ERROR:cast_crl.cc(443)] CRL - Verification failed.
[9780:684:0922/002106.362:ERROR:cast_crl.cc(443)] CRL - Verification failed.
[9780:684:0922/002159.038:ERROR:cast_crl.cc(443)] CRL - Verification failed.
[9780:684:0922/002235.393:ERROR:cast_crl.cc(443)] CRL - Verification failed.
[9780:684:0922/002256.226:ERROR:cast_crl.cc(443)] CRL - Verification failed.
[9780:684:0922/002406.931:ERROR:cast_crl.cc(443)] CRL - Verification failed.
[9780:684:0922/002428.517:ERROR:cast_crl.cc(443)] CRL - Verification failed.
[9780:684:0922/002625.759:ERROR:cast_crl.cc(443)] CRL - Verification failed.
[9780:684:0922/002657.099:ERROR:cast_crl.cc(443)] CRL - Verification failed.
[9780:684:0922/002810.878:ERROR:cast_crl.cc(443)] CRL - Verification failed.
[9780:684:0922/002845.128:ERROR:cast_crl.cc(443)] CRL - Verification failed.
[9780:684:0922/002927.125:ERROR:cast_crl.cc(443)] CRL - Verification failed.
[9780:684:0922/003055.808:ERROR:cast_crl.cc(443)] CRL - Verification failed.
[9780:684:0922/003117.568:ERROR:cast_crl.cc(443)] CRL - Verification failed.
[9780:684:0922/003313.922:ERROR:cast_crl.cc(443)] CRL - Verification failed.
[9780:684:0922/003419.509:ERROR:cast_crl.cc(443)] CRL - Verification failed.
[9780:684:0922/003500.117:ERROR:cast_crl.cc(443)] CRL - Verification failed.
[9780:684:0922/003521.610:ERROR:cast_crl.cc(443)] CRL - Verification failed.
[9780:684:0922/003542.754:ERROR:cast_crl.cc(443)] CRL - Verification failed.
[9780:684:0922/003659.863:ERROR:cast_crl.cc(443)] CRL - Verification failed.
[9780:684:0922/003721.094:ERROR:cast_crl.cc(443)] CRL - Verification failed.
[9780:684:0922/003742.587:ERROR:cast_crl.cc(443)] CRL - Verification failed.
[9780:684:0922/003804.015:ERROR:cast_crl.cc(443)] CRL - Verification failed.
[9780:684:0922/003915.876:ERROR:cast_crl.cc(443)] CRL - Verification failed.
[9780:684:0922/004004.902:ERROR:cast_crl.cc(443)] CRL - Verification failed.
[9780:684:0922/004109.325:ERROR:cast_crl.cc(443)] CRL - Verification failed.
[9780:684:0922/004215.332:ERROR:cast_crl.cc(443)] CRL - Verification failed.
[9780:684:0922/004306.581:ERROR:cast_crl.cc(443)] CRL - Verification failed.
[9780:684:0922/004345.938:ERROR:cast_crl.cc(443)] CRL - Verification failed.
[9780:684:0922/004516.614:ERROR:cast_crl.cc(443)] CRL - Verification failed.
[9780:684:0922/004540.280:ERROR:cast_crl.cc(443)] CRL - Verification failed.
[9780:684:0922/004620.383:ERROR:cast_crl.cc(443)] CRL - Verification failed.
[9780:684:0922/004724.200:ERROR:cast_crl.cc(443)] CRL - Verification failed.
[9780:684:0922/004831.401:ERROR:cast_crl.cc(443)] CRL - Verification failed.
[9780:684:0922/004920.989:ERROR:cast_crl.cc(443)] CRL - Verification failed.
[9780:684:0922/005013.994:ERROR:cast_crl.cc(443)] CRL - Verification failed.
[9780:684:0922/005034.770:ERROR:cast_crl.cc(443)] CRL - Verification failed.
[9780:684:0922/005143.680:ERROR:cast_crl.cc(443)] CRL - Verification failed.
[9780:684:0922/005204.454:ERROR:cast_crl.cc(443)] CRL - Verification failed.
[9780:684:0922/005226.016:ERROR:cast_crl.cc(443)] CRL - Verification failed.
[9780:684:0922/005247.780:ERROR:cast_crl.cc(443)] CRL - Verification failed.
[9780:684:0922/005359.364:ERROR:cast_crl.cc(443)] CRL - Verification failed.
[9780:684:0922/005431.936:ERROR:cast_crl.cc(443)] CRL - Verification failed.
[9780:684:0922/005455.369:ERROR:cast_crl.cc(443)] CRL - Verification failed.
[9780:684:0922/005544.710:ERROR:cast_crl.cc(443)] CRL - Verification failed.
[9780:684:0922/005615.402:ERROR:cast_crl.cc(443)] CRL - Verification failed.
[9780:684:0922/005639.057:ERROR:cast_crl.cc(443)] CRL - Verification failed.
[9780:684:0922/005734.734:ERROR:cast_crl.cc(443)] CRL - Verification failed.
[9780:684:0922/005815.744:ERROR:cast_crl.cc(443)] CRL - Verification failed.
[9780:684:0922/005854.080:ERROR:cast_crl.cc(443)] CRL - Verification failed.
[9780:684:0922/010002.089:ERROR:cast_crl.cc(443)] CRL - Verification failed.
[9780:684:0922/010034.424:ERROR:cast_crl.cc(443)] CRL - Verification failed.
[9780:684:0922/010109.102:ERROR:cast_crl.cc(443)] CRL - Verification failed.
[9780:684:0922/010218.115:ERROR:cast_crl.cc(443)] CRL - Verification failed.
[9780:684:0922/010252.135:ERROR:cast_crl.cc(443)] CRL - Verification failed.
[9780:684:0922/010327.121:ERROR:cast_crl.cc(443)] CRL - Verification failed.
[9780:684:0922/010634.587:ERROR:cast_crl.cc(443)] CRL - Verification failed.
[9780:684:0922/010655.189:ERROR:cast_crl.cc(443)] CRL - Verification failed.
[9780:684:0922/010750.173:ERROR:cast_crl.cc(443)] CRL - Verification failed.
[9780:684:0922/010840.511:ERROR:cast_crl.cc(443)] CRL - Verification failed.
[9780:684:0922/010901.209:ERROR:cast_crl.cc(443)] CRL - Verification failed.
[9780:684:0922/010942.852:ERROR:cast_crl.cc(443)] CRL - Verification failed.
[9780:684:0922/011034.193:ERROR:cast_crl.cc(443)] CRL - Verification failed.
[9780:684:0922/011054.877:ERROR:cast_crl.cc(443)] CRL - Verification failed.
[9780:684:0922/011118.537:ERROR:cast_crl.cc(443)] CRL - Verification failed.
[9780:684:0922/011218.876:ERROR:cast_crl.cc(443)] CRL - Verification failed.
[9780:684:0922/011239.545:ERROR:cast_crl.cc(443)] CRL - Verification failed.
[9780:684:0922/011301.310:ERROR:cast_crl.cc(443)] CRL - Verification failed.
[9780:684:0922/011333.217:ERROR:cast_crl.cc(443)] CRL - Verification failed.
[9780:684:0922/011441.231:ERROR:cast_crl.cc(443)] CRL - Verification failed.
[9780:684:0922/011536.576:ERROR:cast_crl.cc(443)] CRL - Verification failed.
[9780:684:0922/011625.922:ERROR:cast_crl.cc(443)] CRL - Verification failed.
[9780:684:0922/011719.500:ERROR:cast_crl.cc(443)] CRL - Verification failed.
[9780:684:0922/011847.939:ERROR:cast_crl.cc(443)] CRL - Verification failed.
[9780:684:0922/011911.612:ERROR:cast_crl.cc(443)] CRL - Verification failed.
[9780:684:0922/011943.617:ERROR:cast_crl.cc(443)] CRL - Verification failed.
[9780:684:0922/012035.954:ERROR:cast_crl.cc(443)] CRL - Verification failed.
[9780:684:0922/012127.395:ERROR:cast_crl.cc(443)] CRL - Verification failed.
[9780:684:0922/012234.402:ERROR:cast_crl.cc(443)] CRL - Verification failed.
[9780:684:0922/012314.572:ERROR:cast_crl.cc(443)] CRL - Verification failed.
[9780:684:0922/012405.996:ERROR:cast_crl.cc(443)] CRL - Verification failed.
[9780:684:0922/012513.336:ERROR:cast_crl.cc(443)] CRL - Verification failed.
[9780:684:0922/012534.882:ERROR:cast_crl.cc(443)] CRL - Verification failed.
[9780:684:0922/012634.680:ERROR:cast_crl.cc(443)] CRL - Verification failed.
[9780:684:0922/012658.349:ERROR:cast_crl.cc(443)] CRL - Verification failed.
[9780:684:0922/012743.018:ERROR:cast_crl.cc(443)] CRL - Verification failed.
[9780:684:0922/012851.465:ERROR:cast_crl.cc(443)] CRL - Verification failed.
[9780:684:0922/012941.710:ERROR:cast_crl.cc(443)] CRL - Verification failed.
[9780:684:0922/013016.379:ERROR:cast_crl.cc(443)] CRL - Verification failed.
[9780:684:0922/013020.452:ERROR:cast_crl.cc(443)] CRL - Verification failed.
[9780:684:0922/013021.213:ERROR:cast_crl.cc(443)] CRL - Verification failed.
[9780:684:0922/013036.781:ERROR:cast_crl.cc(443)] CRL - Verification failed.
[9780:684:0922/013051.284:ERROR:cast_crl.cc(443)] CRL - Verification failed.
[9780:684:0922/013110.807:ERROR:cast_crl.cc(443)] CRL - Verification failed.
[9780:684:0922/013143.392:ERROR:cast_crl.cc(443)] CRL - Verification failed.
[9780:684:0922/013220.401:ERROR:cast_crl.cc(443)] CRL - Verification failed.
[9780:684:0922/013319.742:ERROR:cast_crl.cc(443)] CRL - Verification failed.
[9780:684:0922/013351.419:ERROR:cast_crl.cc(443)] CRL - Verification failed.
[9780:684:0922/013413.084:ERROR:cast_crl.cc(443)] CRL - Verification failed.
[9780:684:0922/013523.759:ERROR:cast_crl.cc(443)] CRL - Verification failed.
[9780:684:0922/013607.770:ERROR:cast_crl.cc(443)] CRL - Verification failed.
[9780:684:0922/013727.442:ERROR:cast_crl.cc(443)] CRL - Verification failed.
[9780:684:0922/013801.117:ERROR:cast_crl.cc(443)] CRL - Verification failed.
[9780:684:0922/013822.875:ERROR:cast_crl.cc(443)] CRL - Verification failed.
[9780:684:0922/013843.453:ERROR:cast_crl.cc(443)] CRL - Verification failed.
[9780:684:0922/013931.832:ERROR:cast_crl.cc(443)] CRL - Verification failed.
[9780:684:0922/014006.804:ERROR:cast_crl.cc(443)] CRL - Verification failed.
[9780:684:0922/014101.479:ERROR:cast_crl.cc(443)] CRL - Verification failed.
[9780:684:0922/014147.817:ERROR:cast_crl.cc(443)] CRL - Verification failed.
[9780:684:0922/014220.487:ERROR:cast_crl.cc(443)] CRL - Verification failed.
[9780:684:0922/014242.168:ERROR:cast_crl.cc(443)] CRL - Verification failed.
[9780:684:0922/014346.174:ERROR:cast_crl.cc(443)] CRL - Verification failed.
[9780:684:0922/014424.849:ERROR:cast_crl.cc(443)] CRL - Verification failed.
[9780:684:0922/014448.519:ERROR:cast_crl.cc(443)] CRL - Verification failed.
[9780:684:0922/014555.528:ERROR:cast_crl.cc(443)] CRL - Verification failed.
[9780:684:0922/014617.212:ERROR:cast_crl.cc(443)] CRL - Verification failed.
[9780:684:0922/014638.874:ERROR:cast_crl.cc(443)] CRL - Verification failed.
[9780:684:0922/014720.205:ERROR:cast_crl.cc(443)] CRL - Verification failed.
[9780:684:0922/014811.546:ERROR:cast_crl.cc(443)] CRL - Verification failed.
[9780:684:0922/014833.214:ERROR:cast_crl.cc(443)] CRL - Verification failed.
[9780:684:0922/014918.556:ERROR:cast_crl.cc(443)] CRL - Verification failed.
[9780:684:0922/014942.236:ERROR:cast_crl.cc(443)] CRL - Verification failed.
[9780:684:0922/015028.232:ERROR:cast_crl.cc(443)] CRL - Verification failed.
[9780:684:0922/015100.905:ERROR:cast_crl.cc(443)] CRL - Verification failed.
[9780:684:0922/015134.916:ERROR:cast_crl.cc(443)] CRL - Verification failed.
[9780:684:0922/015243.932:ERROR:cast_crl.cc(443)] CRL - Verification failed.
[9780:684:0922/015323.996:ERROR:cast_crl.cc(443)] CRL - Verification failed.
[9780:684:0922/015345.609:ERROR:cast_crl.cc(443)] CRL - Verification failed.
[9780:684:0922/015456.951:ERROR:cast_crl.cc(443)] CRL - Verification failed.
[9780:684:0922/015533.291:ERROR:cast_crl.cc(443)] CRL - Verification failed.
[9780:684:0922/015625.635:ERROR:cast_crl.cc(443)] CRL - Verification failed.
[9780:684:0922/015700.313:ERROR:cast_crl.cc(443)] CRL - Verification failed.
[9780:684:0922/015732.652:ERROR:cast_crl.cc(443)] CRL - Verification failed.
[9780:684:0922/015842.660:ERROR:cast_crl.cc(443)] CRL - Verification failed.
[9780:684:0922/015906.438:ERROR:cast_crl.cc(443)] CRL - Verification failed.
[9780:684:0922/015938.332:ERROR:cast_crl.cc(443)] CRL - Verification failed.
[9780:684:0922/020037.670:ERROR:cast_crl.cc(443)] CRL - Verification failed.
[9780:684:0922/020117.684:ERROR:cast_crl.cc(443)] CRL - Verification failed.
[9780:684:0922/020221.132:ERROR:cast_crl.cc(443)] CRL - Verification failed.
[9780:684:0922/020242.365:ERROR:cast_crl.cc(443)] CRL - Verification failed.
[9780:684:0922/020306.032:ERROR:cast_crl.cc(443)] CRL - Verification failed.
[9780:684:0922/020326.724:ERROR:cast_crl.cc(443)] CRL - Verification failed.
[9780:684:0922/020358.756:ERROR:cast_crl.cc(443)] CRL - Verification failed.
[9780:684:0922/020442.382:ERROR:cast_crl.cc(443)] CRL - Verification failed.
[9780:684:0922/020517.736:ERROR:cast_crl.cc(443)] CRL - Verification failed.
[9780:684:0922/020611.059:ERROR:cast_crl.cc(443)] CRL - Verification failed.
[9780:684:0922/020658.400:ERROR:cast_crl.cc(443)] CRL - Verification failed.
[9780:684:0922/020733.408:ERROR:cast_crl.cc(443)] CRL - Verification failed.
[9780:684:0922/020807.433:ERROR:cast_crl.cc(443)] CRL - Verification failed.
[9780:684:0922/020914.761:ERROR:cast_crl.cc(443)] CRL - Verification failed.
[9780:684:0922/020936.429:ERROR:cast_crl.cc(443)] CRL - Verification failed.
[9780:684:0922/020957.113:ERROR:cast_crl.cc(443)] CRL - Verification failed.
[9780:684:0922/021017.886:ERROR:cast_crl.cc(443)] CRL - Verification failed.
[9780:684:0922/021107.452:ERROR:cast_crl.cc(443)] CRL - Verification failed.
[9780:684:0922/021131.119:ERROR:cast_crl.cc(443)] CRL - Verification failed.
[9780:684:0922/021211.142:ERROR:cast_crl.cc(443)] CRL - Verification failed.
[9780:684:0922/021234.822:ERROR:cast_crl.cc(443)] CRL - Verification failed.
[9780:684:0922/021323.500:ERROR:cast_crl.cc(443)] CRL - Verification failed.
[9780:684:0922/021430.345:ERROR:cast_crl.cc(443)] CRL - Verification failed.
[9780:684:0922/021540.837:ERROR:cast_crl.cc(443)] CRL - Verification failed.
[9780:684:0922/021615.179:ERROR:cast_crl.cc(443)] CRL - Verification failed.
[9780:684:0922/021732.521:ERROR:cast_crl.cc(443)] CRL - Verification failed.
[9780:684:0922/021756.186:ERROR:cast_crl.cc(443)] CRL - Verification failed.
[9780:684:0922/021837.869:ERROR:cast_crl.cc(443)] CRL - Verification failed.
[9780:684:0922/021943.563:ERROR:cast_crl.cc(443)] CRL - Verification failed.
[9780:684:0922/022019.868:ERROR:cast_crl.cc(443)] CRL - Verification failed.
[9780:684:0922/022138.222:ERROR:cast_crl.cc(443)] CRL - Verification failed.
[9780:684:0922/022221.222:ERROR:cast_crl.cc(443)] CRL - Verification failed.
[9780:684:0922/022309.907:ERROR:cast_crl.cc(443)] CRL - Verification failed.
[9780:684:0922/022417.909:ERROR:cast_crl.cc(443)] CRL - Verification failed.
[9780:684:0922/022450.919:ERROR:cast_crl.cc(443)] CRL - Verification failed.
[9780:684:0922/022512.022:ERROR:cast_crl.cc(443)] CRL - Verification failed.
[9780:684:0922/022601.594:ERROR:cast_crl.cc(443)] CRL - Verification failed.
[9780:684:0922/022634.597:ERROR:cast_crl.cc(443)] CRL - Verification failed.
[9780:684:0922/022720.955:ERROR:cast_crl.cc(443)] CRL - Verification failed.
[9780:684:0922/022821.960:ERROR:cast_crl.cc(443)] CRL - Verification failed.
[9780:684:0922/022902.646:ERROR:cast_crl.cc(443)] CRL - Verification failed.
[9780:684:0922/022926.298:ERROR:cast_crl.cc(443)] CRL - Verification failed.
[9780:684:0922/023015.975:ERROR:cast_crl.cc(443)] CRL - Verification failed.
[9780:684:0922/023105.987:ERROR:cast_crl.cc(443)] CRL - Verification failed.
[9780:684:0922/023146.328:ERROR:cast_crl.cc(443)] CRL - Verification failed.
[9780:684:0922/023223.016:ERROR:cast_crl.cc(443)] CRL - Verification failed.
[9780:684:0922/023244.667:ERROR:cast_crl.cc(443)] CRL - Verification failed.
[9780:684:0922/023319.342:ERROR:cast_crl.cc(443)] CRL - Verification failed.
[9780:684:0922/023351.013:ERROR:cast_crl.cc(443)] CRL - Verification failed.
[9780:684:0922/023440.019:ERROR:cast_crl.cc(443)] CRL - Verification failed.
[9780:684:0922/023500.785:ERROR:cast_crl.cc(443)] CRL - Verification failed.
[9780:684:0922/023522.364:ERROR:cast_crl.cc(443)] CRL - Verification failed.
[9780:684:0922/023543.085:ERROR:cast_crl.cc(443)] CRL - Verification failed.
[9780:684:0922/023632.702:ERROR:cast_crl.cc(443)] CRL - Verification failed.
[9780:684:0922/023654.389:ERROR:cast_crl.cc(443)] CRL - Verification failed.
[9780:684:0922/023716.046:ERROR:cast_crl.cc(443)] CRL - Verification failed.
[9780:684:0922/023748.718:ERROR:cast_crl.cc(443)] CRL - Verification failed.
[9780:684:0922/023812.385:ERROR:cast_crl.cc(443)] CRL - Verification failed.
[9780:684:0922/023905.397:ERROR:cast_crl.cc(443)] CRL - Verification failed.
[9780:684:0922/023940.069:ERROR:cast_crl.cc(443)] CRL - Verification failed.
[9780:684:0922/024113.749:ERROR:cast_crl.cc(443)] CRL - Verification failed.
[9780:684:0922/024147.770:ERROR:cast_crl.cc(443)] CRL - Verification failed.
[9780:684:0922/024209.427:ERROR:cast_crl.cc(443)] CRL - Verification failed.
[9780:684:0922/024230.109:ERROR:cast_crl.cc(443)] CRL - Verification failed.
[9780:684:0922/024319.438:ERROR:cast_crl.cc(443)] CRL - Verification failed.
[9780:684:0922/024341.110:ERROR:cast_crl.cc(443)] CRL - Verification failed.
[9780:684:0922/024436.787:ERROR:cast_crl.cc(443)] CRL - Verification failed.
[9780:684:0922/024541.133:ERROR:cast_crl.cc(443)] CRL - Verification failed.
[9780:684:0922/024625.141:ERROR:cast_crl.cc(443)] CRL - Verification failed.
[9780:684:0922/024712.662:ERROR:cast_crl.cc(443)] CRL - Verification failed.
[9780:684:0922/024747.154:ERROR:cast_crl.cc(443)] CRL - Verification failed.
[9780:684:0922/024810.847:ERROR:cast_crl.cc(443)] CRL - Verification failed.
[9780:684:0922/024922.508:ERROR:cast_crl.cc(443)] CRL - Verification failed.
[9780:684:0922/025005.172:ERROR:cast_crl.cc(443)] CRL - Verification failed.
[9780:684:0922/025058.856:ERROR:cast_crl.cc(443)] CRL - Verification failed.
[9780:684:0922/025221.872:ERROR:cast_crl.cc(443)] CRL - Verification failed.
[9780:684:0922/025312.542:ERROR:cast_crl.cc(443)] CRL - Verification failed.
[9780:684:0922/025400.883:ERROR:cast_crl.cc(443)] CRL - Verification failed.
[9780:684:0922/025435.904:ERROR:cast_crl.cc(443)] CRL - Verification failed.
[9780:684:0922/025518.899:ERROR:cast_crl.cc(443)] CRL - Verification failed.
[9780:684:0922/025638.247:ERROR:cast_crl.cc(443)] CRL - Verification failed.
[9780:684:0922/025731.380:ERROR:cast_crl.cc(443)] CRL - Verification failed.
[9780:684:0922/025822.931:ERROR:cast_crl.cc(443)] CRL - Verification failed.
[9780:684:0922/025846.603:ERROR:cast_crl.cc(443)] CRL - Verification failed.
[9780:684:0922/025938.942:ERROR:cast_crl.cc(443)] CRL - Verification failed.
[9780:684:0922/030030.156:ERROR:cast_crl.cc(443)] CRL - Verification failed.
[9780:684:0922/030109.634:ERROR:cast_crl.cc(443)] CRL - Verification failed.
[9780:684:0922/030240.310:ERROR:cast_crl.cc(443)] CRL - Verification failed.
[9780:684:0922/030300.977:ERROR:cast_crl.cc(443)] CRL - Verification failed.
[9780:684:0922/030324.648:ERROR:cast_crl.cc(443)] CRL - Verification failed.
[9780:684:0922/030407.988:ERROR:cast_crl.cc(443)] CRL - Verification failed.
[9780:684:0922/030517.340:ERROR:cast_crl.cc(443)] CRL - Verification failed.
[9780:684:0922/030559.687:ERROR:cast_crl.cc(443)] CRL - Verification failed.
[9780:684:0922/030719.027:ERROR:cast_crl.cc(443)] CRL - Verification failed.
[9780:684:0922/030816.371:ERROR:cast_crl.cc(443)] CRL - Verification failed.
[9780:684:0922/030907.711:ERROR:cast_crl.cc(443)] CRL - Verification failed.
[9780:684:0922/031002.053:ERROR:cast_crl.cc(443)] CRL - Verification failed.
[9780:684:0922/031106.067:ERROR:cast_crl.cc(443)] CRL - Verification failed.
[9780:684:0922/031127.739:ERROR:cast_crl.cc(443)] CRL - Verification failed.
[9780:684:0922/031148.430:ERROR:cast_crl.cc(443)] CRL - Verification failed.
[9780:684:0922/031212.076:ERROR:cast_crl.cc(443)] CRL - Verification failed.
[9780:684:0922/031333.784:ERROR:cast_crl.cc(443)] CRL - Verification failed.
[9780:684:0922/031416.098:ERROR:cast_crl.cc(443)] CRL - Verification failed.
[9780:684:0922/031520.774:ERROR:cast_crl.cc(443)] CRL - Verification failed.
[9780:684:0922/031621.784:ERROR:cast_crl.cc(443)] CRL - Verification failed.
[9780:684:0922/031735.470:ERROR:cast_crl.cc(443)] CRL - Verification failed.
[9780:684:0922/031817.810:ERROR:cast_crl.cc(443)] CRL - Verification failed.
[9780:684:0922/031850.149:ERROR:cast_crl.cc(443)] CRL - Verification failed.
[9780:684:0922/031942.515:ERROR:cast_crl.cc(443)] CRL - Verification failed.
[9780:684:0922/032019.835:ERROR:cast_crl.cc(443)] CRL - Verification failed.
[9780:684:0922/032041.505:ERROR:cast_crl.cc(443)] CRL - Verification failed.
[9780:684:0922/032102.180:ERROR:cast_crl.cc(443)] CRL - Verification failed.
[9780:684:0922/032152.855:ERROR:cast_crl.cc(443)] CRL - Verification failed.
[9780:684:0922/032223.633:ERROR:cast_crl.cc(443)] CRL - Verification failed.
[9780:684:0922/032337.888:ERROR:cast_crl.cc(443)] CRL - Verification failed.
[9780:684:0922/032358.780:ERROR:cast_crl.cc(443)] CRL - Verification failed.
[9780:684:0922/032420.220:ERROR:cast_crl.cc(443)] CRL - Verification failed.
[9780:684:0922/032459.569:ERROR:cast_crl.cc(443)] CRL - Verification failed.
[9780:684:0922/032546.243:ERROR:cast_crl.cc(443)] CRL - Verification failed.
[9780:684:0922/032620.583:ERROR:cast_crl.cc(443)] CRL - Verification failed.
[9780:684:0922/032700.926:ERROR:cast_crl.cc(443)] CRL - Verification failed.
[9780:684:0922/032837.611:ERROR:cast_crl.cc(443)] CRL - Verification failed.
[9780:684:0922/032928.955:ERROR:cast_crl.cc(443)] CRL - Verification failed.
[9780:684:0922/033019.962:ERROR:cast_crl.cc(443)] CRL - Verification failed.
[9780:684:0922/033100.300:ERROR:cast_crl.cc(443)] CRL - Verification failed.
[9780:684:0922/033138.311:ERROR:cast_crl.cc(443)] CRL - Verification failed.
[9780:684:0922/033231.656:ERROR:cast_crl.cc(443)] CRL - Verification failed.
[9780:684:0922/033253.345:ERROR:cast_crl.cc(443)] CRL - Verification failed.
[9780:684:0922/033327.993:ERROR:cast_crl.cc(443)] CRL - Verification failed.
[9780:684:0922/033433.670:ERROR:cast_crl.cc(443)] CRL - Verification failed.
[9780:684:0922/033511.342:ERROR:cast_crl.cc(443)] CRL - Verification failed.
[9780:684:0922/033532.312:ERROR:cast_crl.cc(443)] CRL - Verification failed.
[9780:684:0922/033652.357:ERROR:cast_crl.cc(443)] CRL - Verification failed.
[9780:684:0922/033716.037:ERROR:cast_crl.cc(443)] CRL - Verification failed.
[9780:684:0922/033858.386:ERROR:cast_crl.cc(443)] CRL - Verification failed.
[9780:684:0922/033919.101:ERROR:cast_crl.cc(443)] CRL - Verification failed.
[9780:684:0922/033955.055:ERROR:cast_crl.cc(443)] CRL - Verification failed.
[9780:684:0922/034049.400:ERROR:cast_crl.cc(443)] CRL - Verification failed.
[9780:684:0922/034123.404:ERROR:cast_crl.cc(443)] CRL - Verification failed.
[9780:684:0922/034145.073:ERROR:cast_crl.cc(443)] CRL - Verification failed.
[9780:684:0922/034217.755:ERROR:cast_crl.cc(443)] CRL - Verification failed.
[9780:684:0922/034254.431:ERROR:cast_crl.cc(443)] CRL - Verification failed.
[9780:684:0922/034339.088:ERROR:cast_crl.cc(443)] CRL - Verification failed.
[9780:684:0922/034413.774:ERROR:cast_crl.cc(443)] CRL - Verification failed.
[9780:684:0922/034503.101:ERROR:cast_crl.cc(443)] CRL - Verification failed.
[9780:684:0922/034558.450:ERROR:cast_crl.cc(443)] CRL - Verification failed.
[9780:684:0922/034630.131:ERROR:cast_crl.cc(443)] CRL - Verification failed.
[9780:684:0922/034719.466:ERROR:cast_crl.cc(443)] CRL - Verification failed.
[9780:684:0922/034740.193:ERROR:cast_crl.cc(443)] CRL - Verification failed.
[9780:684:0922/034820.146:ERROR:cast_crl.cc(443)] CRL - Verification failed.
[9780:684:0922/034908.482:ERROR:cast_crl.cc(443)] CRL - Verification failed.
[9780:684:0922/034930.163:ERROR:cast_crl.cc(443)] CRL - Verification failed.
[9780:684:0922/034950.827:ERROR:cast_crl.cc(443)] CRL - Verification failed.
[9780:684:0922/035025.830:ERROR:cast_crl.cc(443)] CRL - Verification failed.
[9780:684:0922/035133.843:ERROR:cast_crl.cc(443)] CRL - Verification failed.
[9780:684:0922/035154.848:ERROR:cast_crl.cc(443)] CRL - Verification failed.
[9780:684:0922/035241.854:ERROR:cast_crl.cc(443)] CRL - Verification failed.
[9780:684:0922/035344.202:ERROR:cast_crl.cc(443)] CRL - Verification failed.
[9780:684:0922/035404.874:ERROR:cast_crl.cc(443)] CRL - Verification failed.
[9780:684:0922/035426.548:ERROR:cast_crl.cc(443)] CRL - Verification failed.
[9780:684:0922/035447.213:ERROR:cast_crl.cc(443)] CRL - Verification failed.
[9780:684:0922/035544.893:ERROR:cast_crl.cc(443)] CRL - Verification failed.
[9780:684:0922/035625.903:ERROR:cast_crl.cc(443)] CRL - Verification failed.
[9780:684:0922/035646.645:ERROR:cast_crl.cc(443)] CRL - Verification failed.
[9780:684:0922/035708.241:ERROR:cast_crl.cc(443)] CRL - Verification failed.
[9780:684:0922/035800.270:ERROR:cast_crl.cc(443)] CRL - Verification failed.
[9780:684:0922/035835.255:ERROR:cast_crl.cc(443)] CRL - Verification failed.
[9780:684:0922/040011.613:ERROR:cast_crl.cc(443)] CRL - Verification failed.
[9780:684:0922/040033.319:ERROR:cast_crl.cc(443)] CRL - Verification failed.
[9780:684:0922/040109.619:ERROR:cast_crl.cc(443)] CRL - Verification failed.
[9780:684:0922/040207.962:ERROR:cast_crl.cc(443)] CRL - Verification failed.
[9780:684:0922/040242.298:ERROR:cast_crl.cc(443)] CRL - Verification failed.
[9780:684:0922/040318.305:ERROR:cast_crl.cc(443)] CRL - Verification failed.
[9780:684:0922/040412.979:ERROR:cast_crl.cc(443)] CRL - Verification failed.
[9780:684:0922/040505.000:ERROR:cast_crl.cc(443)] CRL - Verification failed.
[9780:684:0922/040548.994:ERROR:cast_crl.cc(443)] CRL - Verification failed.
[9780:684:0922/040638.095:ERROR:cast_crl.cc(443)] CRL - Verification failed.
[9780:684:0922/040658.673:ERROR:cast_crl.cc(443)] CRL - Verification failed.
[9780:684:0922/040731.346:ERROR:cast_crl.cc(443)] CRL - Verification failed.
[9780:684:0922/040753.013:ERROR:cast_crl.cc(443)] CRL - Verification failed.
[9780:684:0922/040829.690:ERROR:cast_crl.cc(443)] CRL - Verification failed.
[9780:684:0922/040904.031:ERROR:cast_crl.cc(443)] CRL - Verification failed.
[9780:684:0922/040936.370:ERROR:cast_crl.cc(443)] CRL - Verification failed.
[9780:684:0922/040958.045:ERROR:cast_crl.cc(443)] CRL - Verification failed.
[9780:684:0922/041038.715:ERROR:cast_crl.cc(443)] CRL - Verification failed.
[9780:684:0922/041102.384:ERROR:cast_crl.cc(443)] CRL - Verification failed.
[9780:684:0922/041134.068:ERROR:cast_crl.cc(443)] CRL - Verification failed.
[9780:684:0922/041219.060:ERROR:cast_crl.cc(443)] CRL - Verification failed.
[9780:684:0922/041344.408:ERROR:cast_crl.cc(443)] CRL - Verification failed.
[9780:684:0922/041406.077:ERROR:cast_crl.cc(443)] CRL - Verification failed.
[9780:684:0922/041455.756:ERROR:cast_crl.cc(443)] CRL - Verification failed.
[9780:684:0922/041528.098:ERROR:cast_crl.cc(443)] CRL - Verification failed.
[9780:684:0922/041612.766:ERROR:cast_crl.cc(443)] CRL - Verification failed.
[9780:684:0922/041700.776:ERROR:cast_crl.cc(443)] CRL - Verification failed.
[9780:684:0922/041722.448:ERROR:cast_crl.cc(443)] CRL - Verification failed.
[9780:684:0922/041815.119:ERROR:cast_crl.cc(443)] CRL - Verification failed.
[9780:684:0922/041836.790:ERROR:cast_crl.cc(443)] CRL - Verification failed.
[9780:684:0922/041912.464:ERROR:cast_crl.cc(443)] CRL - Verification failed.
[9780:684:0922/041945.814:ERROR:cast_crl.cc(443)] CRL - Verification failed.
[9780:684:0922/042031.158:ERROR:cast_crl.cc(443)] CRL - Verification failed.
[9780:684:0922/042133.822:ERROR:cast_crl.cc(443)] CRL - Verification failed.
[9780:684:0922/042208.487:ERROR:cast_crl.cc(443)] CRL - Verification failed.
[9780:684:0922/042242.833:ERROR:cast_crl.cc(443)] CRL - Verification failed.
[9780:684:0922/042319.527:ERROR:cast_crl.cc(443)] CRL - Verification failed.
[9780:684:0922/042354.311:ERROR:cast_crl.cc(443)] CRL - Verification failed.
[9780:684:0922/042415.846:ERROR:cast_crl.cc(443)] CRL - Verification failed.
[9780:684:0922/042448.872:ERROR:cast_crl.cc(443)] CRL - Verification failed.
[9780:684:0922/042541.197:ERROR:cast_crl.cc(443)] CRL - Verification failed.
[9780:684:0922/042602.892:ERROR:cast_crl.cc(443)] CRL - Verification failed.
[9780:684:0922/042623.218:ERROR:cast_crl.cc(443)] CRL - Verification failed.
[9780:684:0922/042804.557:ERROR:cast_crl.cc(443)] CRL - Verification failed.
[9780:684:0922/042838.898:ERROR:cast_crl.cc(443)] CRL - Verification failed.
[9780:684:0922/042859.916:ERROR:cast_crl.cc(443)] CRL - Verification failed.
[9780:684:0922/042948.572:ERROR:cast_crl.cc(443)] CRL - Verification failed.
[9780:684:0922/043104.268:ERROR:cast_crl.cc(443)] CRL - Verification failed.
[9780:684:0922/043153.257:ERROR:cast_crl.cc(443)] CRL - Verification failed.
[9780:684:0922/043226.266:ERROR:cast_crl.cc(443)] CRL - Verification failed.
[9780:684:0922/043247.960:ERROR:cast_crl.cc(443)] CRL - Verification failed.
[9780:684:0922/043320.614:ERROR:cast_crl.cc(443)] CRL - Verification failed.
[9780:684:0922/043411.956:ERROR:cast_crl.cc(443)] CRL - Verification failed.
[9780:684:0922/043449.962:ERROR:cast_crl.cc(443)] CRL - Verification failed.
[9780:684:0922/043639.984:ERROR:cast_crl.cc(443)] CRL - Verification failed.
[9780:684:0922/043700.990:ERROR:cast_crl.cc(443)] CRL - Verification failed.
[9780:684:0922/043724.653:ERROR:cast_crl.cc(443)] CRL - Verification failed.
[9780:684:0922/043813.336:ERROR:cast_crl.cc(443)] CRL - Verification failed.
[9780:684:0922/043837.015:ERROR:cast_crl.cc(443)] CRL - Verification failed.
[9780:684:0922/043924.343:ERROR:cast_crl.cc(443)] CRL - Verification failed.
[9780:684:0922/044047.022:ERROR:cast_crl.cc(443)] CRL - Verification failed.
[9780:684:0922/044132.364:ERROR:cast_crl.cc(443)] CRL - Verification failed.
[9780:684:0922/044154.029:ERROR:cast_crl.cc(443)] CRL - Verification failed.
[9780:684:0922/044244.706:ERROR:cast_crl.cc(443)] CRL - Verification failed.
[9780:684:0922/044317.049:ERROR:cast_crl.cc(443)] CRL - Verification failed.
[9780:684:0922/044349.722:ERROR:cast_crl.cc(443)] CRL - Verification failed.
[9780:684:0922/044452.070:ERROR:cast_crl.cc(443)] CRL - Verification failed.
[9780:684:0922/044526.745:ERROR:cast_crl.cc(443)] CRL - Verification failed.
[9780:684:0922/044655.084:ERROR:cast_crl.cc(443)] CRL - Verification failed.
[9780:684:0922/044727.422:ERROR:cast_crl.cc(443)] CRL - Verification failed.
[9780:684:0922/044805.429:ERROR:cast_crl.cc(443)] CRL - Verification failed.
[9780:684:0922/044910.272:ERROR:cast_crl.cc(443)] CRL - Verification failed.
[9780:684:0922/044931.500:ERROR:cast_crl.cc(443)] CRL - Verification failed.
[9780:684:0922/044953.111:ERROR:cast_crl.cc(443)] CRL - Verification failed.
[9780:684:0922/045047.787:ERROR:cast_crl.cc(443)] CRL - Verification failed.
[9780:684:0922/045120.130:ERROR:cast_crl.cc(443)] CRL - Verification failed.
[9780:684:0922/045207.132:ERROR:cast_crl.cc(443)] CRL - Verification failed.
[9780:684:0922/045256.477:ERROR:cast_crl.cc(443)] CRL - Verification failed.
[9780:684:0922/045318.151:ERROR:cast_crl.cc(443)] CRL - Verification failed.
[9780:684:0922/045339.815:ERROR:cast_crl.cc(443)] CRL - Verification failed.
[9780:684:0922/045435.504:ERROR:cast_crl.cc(443)] CRL - Verification failed.
[9780:684:0922/045525.836:ERROR:cast_crl.cc(443)] CRL - Verification failed.
[9780:684:0922/045600.509:ERROR:cast_crl.cc(443)] CRL - Verification failed.
[9780:684:0922/045634.181:ERROR:cast_crl.cc(443)] CRL - Verification failed.
[9780:684:0922/045721.524:ERROR:cast_crl.cc(443)] CRL - Verification failed.
[9780:684:0922/045810.861:ERROR:cast_crl.cc(443)] CRL - Verification failed.
[9780:684:0922/045857.205:ERROR:cast_crl.cc(443)] CRL - Verification failed.
[9780:684:0922/045946.545:ERROR:cast_crl.cc(443)] CRL - Verification failed.
[9780:684:0922/050018.884:ERROR:cast_crl.cc(443)] CRL - Verification failed.
[9780:684:0922/050113.222:ERROR:cast_crl.cc(443)] CRL - Verification failed.
[9780:684:0922/050202.568:ERROR:cast_crl.cc(443)] CRL - Verification failed.
[9780:684:0922/050236.898:ERROR:cast_crl.cc(443)] CRL - Verification failed.
[9780:684:0922/050412.913:ERROR:cast_crl.cc(443)] CRL - Verification failed.
[9780:684:0922/050447.582:ERROR:cast_crl.cc(443)] CRL - Verification failed.
[9780:684:0922/050554.924:ERROR:cast_crl.cc(443)] CRL - Verification failed.
[9780:684:0922/050636.260:ERROR:cast_crl.cc(443)] CRL - Verification failed.
[9780:684:0922/050713.608:ERROR:cast_crl.cc(443)] CRL - Verification failed.
[9780:684:0922/050810.279:ERROR:cast_crl.cc(443)] CRL - Verification failed.
[9780:684:0922/050841.892:ERROR:cast_crl.cc(443)] CRL - Verification failed.
[9780:684:0922/050920.290:ERROR:cast_crl.cc(443)] CRL - Verification failed.
[9780:684:0922/051035.980:ERROR:cast_crl.cc(443)] CRL - Verification failed.
[9780:684:0922/051059.648:ERROR:cast_crl.cc(443)] CRL - Verification failed.
[9780:684:0922/051132.991:ERROR:cast_crl.cc(443)] CRL - Verification failed.
[9780:684:0922/051240.000:ERROR:cast_crl.cc(443)] CRL - Verification failed.
[9780:684:0922/051314.666:ERROR:cast_crl.cc(443)] CRL - Verification failed.
[9780:684:0922/051338.337:ERROR:cast_crl.cc(443)] CRL - Verification failed.
[9780:684:0922/051412.365:ERROR:cast_crl.cc(443)] CRL - Verification failed.
[9780:684:0922/051436.017:ERROR:cast_crl.cc(443)] CRL - Verification failed.
[9780:684:0922/051534.692:ERROR:cast_crl.cc(443)] CRL - Verification failed.
[9780:684:0922/051614.370:ERROR:cast_crl.cc(443)] CRL - Verification failed.
[9780:684:0922/051701.892:ERROR:cast_crl.cc(443)] CRL - Verification failed.
[9780:684:0922/051725.393:ERROR:cast_crl.cc(443)] CRL - Verification failed.
[9780:684:0922/051830.730:ERROR:cast_crl.cc(443)] CRL - Verification failed.
[9780:684:0922/051912.409:ERROR:cast_crl.cc(443)] CRL - Verification failed.
[9780:684:0922/051933.072:ERROR:cast_crl.cc(443)] CRL - Verification failed.
[9780:684:0922/051954.776:ERROR:cast_crl.cc(443)] CRL - Verification failed.
[9780:684:0922/052049.420:ERROR:cast_crl.cc(443)] CRL - Verification failed.
[9780:684:0922/052144.763:ERROR:cast_crl.cc(443)] CRL - Verification failed.
[9780:684:0922/052236.110:ERROR:cast_crl.cc(443)] CRL - Verification failed.
[9780:684:0922/052257.768:ERROR:cast_crl.cc(443)] CRL - Verification failed.
[9780:684:0922/052318.466:ERROR:cast_crl.cc(443)] CRL - Verification failed.
[9780:684:0922/052410.453:ERROR:cast_crl.cc(443)] CRL - Verification failed.
[9780:684:0922/052442.789:ERROR:cast_crl.cc(443)] CRL - Verification failed.
[9780:684:0922/052504.463:ERROR:cast_crl.cc(443)] CRL - Verification failed.
[9780:684:0922/052551.819:ERROR:cast_crl.cc(443)] CRL - Verification failed.
[9780:684:0922/052615.468:ERROR:cast_crl.cc(443)] CRL - Verification failed.
[9780:684:0922/052657.148:ERROR:cast_crl.cc(443)] CRL - Verification failed.
[9780:684:0922/052735.488:ERROR:cast_crl.cc(443)] CRL - Verification failed.
[9780:684:0922/052825.844:ERROR:cast_crl.cc(443)] CRL - Verification failed.
[9780:684:0922/052906.847:ERROR:cast_crl.cc(443)] CRL - Verification failed.
[9780:684:0922/053028.517:ERROR:cast_crl.cc(443)] CRL - Verification failed.
[9780:684:0922/053050.192:ERROR:cast_crl.cc(443)] CRL - Verification failed.
[9780:684:0922/053122.532:ERROR:cast_crl.cc(443)] CRL - Verification failed.
[9780:684:0922/053157.201:ERROR:cast_crl.cc(443)] CRL - Verification failed.
[9780:684:0922/053249.536:ERROR:cast_crl.cc(443)] CRL - Verification failed.
[9780:684:0922/053323.215:ERROR:cast_crl.cc(443)] CRL - Verification failed.
[9780:684:0922/053357.556:ERROR:cast_crl.cc(443)] CRL - Verification failed.
[9780:684:0922/053444.894:ERROR:cast_crl.cc(443)] CRL - Verification failed.
[9780:684:0922/053519.600:ERROR:cast_crl.cc(443)] CRL - Verification failed.
[9780:684:0922/053553.575:ERROR:cast_crl.cc(443)] CRL - Verification failed.
[9780:684:0922/053642.583:ERROR:cast_crl.cc(443)] CRL - Verification failed.
[9780:684:0922/053722.578:ERROR:cast_crl.cc(443)] CRL - Verification failed.
[9780:684:0922/053744.276:ERROR:cast_crl.cc(443)] CRL - Verification failed.
[9780:684:0922/053907.278:ERROR:cast_crl.cc(443)] CRL - Verification failed.
[9780:684:0922/053928.942:ERROR:cast_crl.cc(443)] CRL - Verification failed.
[9780:684:0922/053950.610:ERROR:cast_crl.cc(443)] CRL - Verification failed.
[9780:684:0922/054025.625:ERROR:cast_crl.cc(443)] CRL - Verification failed.
[9780:684:0922/054114.966:ERROR:cast_crl.cc(443)] CRL - Verification failed.
[9780:684:0922/054149.639:ERROR:cast_crl.cc(443)] CRL - Verification failed.
[9780:684:0922/054300.317:ERROR:cast_crl.cc(443)] CRL - Verification failed.
[9780:684:0922/054321.987:ERROR:cast_crl.cc(443)] CRL - Verification failed.
[9780:684:0922/054408.979:ERROR:cast_crl.cc(443)] CRL - Verification failed.
[9780:684:0922/054504.781:ERROR:cast_crl.cc(443)] CRL - Verification failed.
[9780:684:0922/054540.700:ERROR:cast_crl.cc(443)] CRL - Verification failed.
[9780:684:0922/054615.020:ERROR:cast_crl.cc(443)] CRL - Verification failed.
[9780:684:0922/054702.362:ERROR:cast_crl.cc(443)] CRL - Verification failed.
[9780:684:0922/054755.029:ERROR:cast_crl.cc(443)] CRL - Verification failed.
[9780:684:0922/054816.714:ERROR:cast_crl.cc(443)] CRL - Verification failed.
[9780:684:0922/054849.395:ERROR:cast_crl.cc(443)] CRL - Verification failed.
[9780:684:0922/054938.720:ERROR:cast_crl.cc(443)] CRL - Verification failed.
[9780:684:0922/055002.402:ERROR:cast_crl.cc(443)] CRL - Verification failed.
[9780:684:0922/055034.401:ERROR:cast_crl.cc(443)] CRL - Verification failed.
[9780:684:0922/055155.077:ERROR:cast_crl.cc(443)] CRL - Verification failed.
[9780:684:0922/055236.426:ERROR:cast_crl.cc(443)] CRL - Verification failed.
[9780:684:0922/055359.770:ERROR:cast_crl.cc(443)] CRL - Verification failed.
[9780:684:0922/055443.439:ERROR:cast_crl.cc(443)] CRL - Verification failed.
[9780:684:0922/055545.821:ERROR:cast_crl.cc(443)] CRL - Verification failed.
[9780:684:0922/055625.869:ERROR:cast_crl.cc(443)] CRL - Verification failed.
[9780:684:0922/055744.800:ERROR:cast_crl.cc(443)] CRL - Verification failed.
[9780:684:0922/055808.487:ERROR:cast_crl.cc(443)] CRL - Verification failed.
[9780:684:0922/055842.158:ERROR:cast_crl.cc(443)] CRL - Verification failed.
[9780:684:0922/060001.166:ERROR:cast_crl.cc(443)] CRL - Verification failed.
[9780:684:0922/060022.828:ERROR:cast_crl.cc(443)] CRL - Verification failed.
[9780:684:0922/060055.505:ERROR:cast_crl.cc(443)] CRL - Verification failed.
[9780:684:0922/060144.847:ERROR:cast_crl.cc(443)] CRL - Verification failed.
[9780:684:0922/060217.519:ERROR:cast_crl.cc(443)] CRL - Verification failed.
[9780:684:0922/060251.853:ERROR:cast_crl.cc(443)] CRL - Verification failed.
[9780:684:0922/060313.524:ERROR:cast_crl.cc(443)] CRL - Verification failed.
[9780:684:0922/060402.543:ERROR:cast_crl.cc(443)] CRL - Verification failed.
[9780:684:0922/060437.232:ERROR:cast_crl.cc(443)] CRL - Verification failed.
[9780:684:0922/060518.222:ERROR:cast_crl.cc(443)] CRL - Verification failed.
[9780:684:0922/060617.234:ERROR:cast_crl.cc(443)] CRL - Verification failed.
[9780:684:0922/060640.897:ERROR:cast_crl.cc(443)] CRL - Verification failed.
[9780:684:0922/060720.907:ERROR:cast_crl.cc(443)] CRL - Verification failed.
[9780:684:0922/060817.246:ERROR:cast_crl.cc(443)] CRL - Verification failed.
[9780:684:0922/060920.598:ERROR:cast_crl.cc(443)] CRL - Verification failed.
[9780:684:0922/061007.286:ERROR:cast_crl.cc(443)] CRL - Verification failed.
[9780:684:0922/061039.945:ERROR:cast_crl.cc(443)] CRL - Verification failed.
[9780:684:0922/061114.621:ERROR:cast_crl.cc(443)] CRL - Verification failed.
[9780:684:0922/061228.961:ERROR:cast_crl.cc(443)] CRL - Verification failed.
[9780:684:0922/061252.653:ERROR:cast_crl.cc(443)] CRL - Verification failed.
[9780:684:0922/061324.304:ERROR:cast_crl.cc(443)] CRL - Verification failed.
[9780:684:0922/061345.977:ERROR:cast_crl.cc(443)] CRL - Verification failed.
[9780:684:0922/061436.646:ERROR:cast_crl.cc(443)] CRL - Verification failed.
[9780:684:0922/061457.323:ERROR:cast_crl.cc(443)] CRL - Verification failed.
[9780:684:0922/061551.000:ERROR:cast_crl.cc(443)] CRL - Verification failed.
[9780:684:0922/061651.676:ERROR:cast_crl.cc(443)] CRL - Verification failed.
[9780:684:0922/061726.347:ERROR:cast_crl.cc(443)] CRL - Verification failed.
[9780:684:0922/061806.683:ERROR:cast_crl.cc(443)] CRL - Verification failed.
[9780:684:0922/061900.364:ERROR:cast_crl.cc(443)] CRL - Verification failed.
[9780:684:0922/061937.708:ERROR:cast_crl.cc(443)] CRL - Verification failed.
[9780:684:0922/061958.384:ERROR:cast_crl.cc(443)] CRL - Verification failed.
[9780:684:0922/062020.044:ERROR:cast_crl.cc(443)] CRL - Verification failed.
[9780:684:0922/062111.717:ERROR:cast_crl.cc(443)] CRL - Verification failed.
[9780:684:0922/062147.063:ERROR:cast_crl.cc(443)] CRL - Verification failed.
[9780:684:0922/062207.738:ERROR:cast_crl.cc(443)] CRL - Verification failed.
[9780:684:0922/062244.410:ERROR:cast_crl.cc(443)] CRL - Verification failed.
[9780:684:0922/062333.075:ERROR:cast_crl.cc(443)] CRL - Verification failed.
[9780:684:0922/062409.418:ERROR:cast_crl.cc(443)] CRL - Verification failed.
[9780:684:0922/062509.748:ERROR:cast_crl.cc(443)] CRL - Verification failed.
[9780:684:0922/062533.421:ERROR:cast_crl.cc(443)] CRL - Verification failed.
[9780:684:0922/062616.101:ERROR:cast_crl.cc(443)] CRL - Verification failed.
[9780:684:0922/062656.189:ERROR:cast_crl.cc(443)] CRL - Verification failed.
[9780:684:0922/062753.445:ERROR:cast_crl.cc(443)] CRL - Verification failed.
[9780:684:0922/062849.134:ERROR:cast_crl.cc(443)] CRL - Verification failed.
[9780:684:0922/062921.461:ERROR:cast_crl.cc(443)] CRL - Verification failed.
[9780:684:0922/063010.817:ERROR:cast_crl.cc(443)] CRL - Verification failed.
[9780:684:0922/063031.471:ERROR:cast_crl.cc(443)] CRL - Verification failed.
[9780:684:0922/063052.145:ERROR:cast_crl.cc(443)] CRL - Verification failed.
[9780:684:0922/063115.812:ERROR:cast_crl.cc(443)] CRL - Verification failed.
[9780:684:0922/063201.482:ERROR:cast_crl.cc(443)] CRL - Verification failed.
[9780:684:0922/063236.830:ERROR:cast_crl.cc(443)] CRL - Verification failed.
[9780:684:0922/063311.837:ERROR:cast_crl.cc(443)] CRL - Verification failed.
[9780:684:0922/063435.853:ERROR:cast_crl.cc(443)] CRL - Verification failed.
[9780:684:0922/063525.853:ERROR:cast_crl.cc(443)] CRL - Verification failed.
[9780:684:0922/063615.530:ERROR:cast_crl.cc(443)] CRL - Verification failed.
[9780:684:0922/063653.880:ERROR:cast_crl.cc(443)] CRL - Verification failed.
[9780:684:0922/063739.538:ERROR:cast_crl.cc(443)] CRL - Verification failed.
[9780:684:0922/063833.875:ERROR:cast_crl.cc(443)] CRL - Verification failed.
[9780:684:0922/063910.562:ERROR:cast_crl.cc(443)] CRL - Verification failed.
[9780:684:0922/063932.229:ERROR:cast_crl.cc(443)] CRL - Verification failed.
[9780:684:0922/063952.898:ERROR:cast_crl.cc(443)] CRL - Verification failed.
[9780:684:0922/064045.563:ERROR:cast_crl.cc(443)] CRL - Verification failed.
[9780:684:0922/064120.572:ERROR:cast_crl.cc(443)] CRL - Verification failed.
[9780:684:0922/064142.240:ERROR:cast_crl.cc(443)] CRL - Verification failed.
[9780:684:0922/064205.924:ERROR:cast_crl.cc(443)] CRL - Verification failed.
[9780:684:0922/064257.919:ERROR:cast_crl.cc(443)] CRL - Verification failed.
[9780:684:0922/064338.258:ERROR:cast_crl.cc(443)] CRL - Verification failed.
[9780:684:0922/064412.595:ERROR:cast_crl.cc(443)] CRL - Verification failed.
[9780:684:0922/064518.975:ERROR:cast_crl.cc(443)] CRL - Verification failed.
[9780:684:0922/064604.296:ERROR:cast_crl.cc(443)] CRL - Verification failed.
[9780:684:0922/064656.656:ERROR:cast_crl.cc(443)] CRL - Verification failed.
[9780:684:0922/064720.299:ERROR:cast_crl.cc(443)] CRL - Verification failed.
[9780:684:0922/064802.309:ERROR:cast_crl.cc(443)] CRL - Verification failed.
[9780:684:0922/064834.670:ERROR:cast_crl.cc(443)] CRL - Verification failed.
[9780:684:0922/064944.320:ERROR:cast_crl.cc(443)] CRL - Verification failed.
[9780:684:0922/065018.664:ERROR:cast_crl.cc(443)] CRL - Verification failed.
[9780:684:0922/065042.366:ERROR:cast_crl.cc(443)] CRL - Verification failed.
[9780:684:0922/065137.014:ERROR:cast_crl.cc(443)] CRL - Verification failed.
[9780:684:0922/065209.360:ERROR:cast_crl.cc(443)] CRL - Verification failed.
[9780:684:0922/065231.032:ERROR:cast_crl.cc(443)] CRL - Verification failed.
[9780:684:0922/065333.693:ERROR:cast_crl.cc(443)] CRL - Verification failed.
[9780:684:0922/065415.389:ERROR:cast_crl.cc(443)] CRL - Verification failed.
[9780:684:0922/065458.384:ERROR:cast_crl.cc(443)] CRL - Verification failed.
[9780:684:0922/065558.504:ERROR:cast_crl.cc(443)] CRL - Verification failed.
[9780:684:0922/065633.084:ERROR:cast_crl.cc(443)] CRL - Verification failed.
[9780:684:0922/065714.071:ERROR:cast_crl.cc(443)] CRL - Verification failed.
[9780:684:0922/065820.423:ERROR:cast_crl.cc(443)] CRL - Verification failed.
[9780:684:0922/065902.760:ERROR:cast_crl.cc(443)] CRL - Verification failed.
[9780:684:0922/065943.440:ERROR:cast_crl.cc(443)] CRL - Verification failed.
[9780:684:0922/070035.779:ERROR:cast_crl.cc(443)] CRL - Verification failed.
[9780:684:0922/070056.562:ERROR:cast_crl.cc(443)] CRL - Verification failed.
[9780:684:0922/070120.128:ERROR:cast_crl.cc(443)] CRL - Verification failed.
[9780:684:0922/070154.816:ERROR:cast_crl.cc(443)] CRL - Verification failed.
[9780:684:0922/070244.136:ERROR:cast_crl.cc(443)] CRL - Verification failed.
[9780:684:0922/070319.152:ERROR:cast_crl.cc(443)] CRL - Verification failed.
[9780:684:0922/070359.477:ERROR:cast_crl.cc(443)] CRL - Verification failed.
[9780:684:0922/070529.833:ERROR:cast_crl.cc(443)] CRL - Verification failed.
[9780:684:0922/070550.578:ERROR:cast_crl.cc(443)] CRL - Verification failed.
[9780:684:0922/070612.166:ERROR:cast_crl.cc(443)] CRL - Verification failed.
[9780:684:0922/070647.925:ERROR:cast_crl.cc(443)] CRL - Verification failed.
[9780:684:0922/070709.526:ERROR:cast_crl.cc(443)] CRL - Verification failed.
[9780:684:0922/070731.184:ERROR:cast_crl.cc(443)] CRL - Verification failed.
[9780:684:0922/070752.850:ERROR:cast_crl.cc(443)] CRL - Verification failed.
[9780:684:0922/070830.193:ERROR:cast_crl.cc(443)] CRL - Verification failed.
[9780:684:0922/070921.195:ERROR:cast_crl.cc(443)] CRL - Verification failed.
[9780:684:0922/071000.866:ERROR:cast_crl.cc(443)] CRL - Verification failed.
[9780:684:0922/071024.542:ERROR:cast_crl.cc(443)] CRL - Verification failed.
[9780:684:0922/071133.558:ERROR:cast_crl.cc(443)] CRL - Verification failed.
[9780:684:0922/071229.562:ERROR:cast_crl.cc(443)] CRL - Verification failed.
[9780:684:0922/071251.241:ERROR:cast_crl.cc(443)] CRL - Verification failed.
[9780:684:0922/071347.141:ERROR:cast_crl.cc(443)] CRL - Verification failed.
[9780:684:0922/071408.303:ERROR:cast_crl.cc(443)] CRL - Verification failed.
[9780:684:0922/071444.913:ERROR:cast_crl.cc(443)] CRL - Verification failed.
[9780:684:0922/071605.596:ERROR:cast_crl.cc(443)] CRL - Verification failed.
[9780:684:0922/071640.604:ERROR:cast_crl.cc(443)] CRL - Verification failed.
[9780:684:0922/071734.619:ERROR:cast_crl.cc(443)] CRL - Verification failed.
[9780:684:0922/071756.316:ERROR:cast_crl.cc(443)] CRL - Verification failed.
[9780:684:0922/071816.964:ERROR:cast_crl.cc(443)] CRL - Verification failed.
[9780:684:0922/071838.628:ERROR:cast_crl.cc(443)] CRL - Verification failed.
[9780:684:0922/071913.302:ERROR:cast_crl.cc(443)] CRL - Verification failed.
[9780:684:0922/071949.972:ERROR:cast_crl.cc(443)] CRL - Verification failed.
[9780:684:0922/072010.646:ERROR:cast_crl.cc(443)] CRL - Verification failed.
[9780:684:0922/072045.664:ERROR:cast_crl.cc(443)] CRL - Verification failed.
[9780:684:0922/072117.663:ERROR:cast_crl.cc(443)] CRL - Verification failed.
[9780:684:0922/072222.008:ERROR:cast_crl.cc(443)] CRL - Verification failed.
[9780:684:0922/072253.672:ERROR:cast_crl.cc(443)] CRL - Verification failed.
[9780:684:0922/072326.352:ERROR:cast_crl.cc(443)] CRL - Verification failed.
[9780:684:0922/072413.025:ERROR:cast_crl.cc(443)] CRL - Verification failed.
[9780:684:0922/072505.035:ERROR:cast_crl.cc(443)] CRL - Verification failed.
[9780:684:0922/072528.702:ERROR:cast_crl.cc(443)] CRL - Verification failed.
[9780:684:0922/072638.047:ERROR:cast_crl.cc(443)] CRL - Verification failed.
[9780:684:0922/072753.397:ERROR:cast_crl.cc(443)] CRL - Verification failed.
[9780:684:0922/072815.085:ERROR:cast_crl.cc(443)] CRL - Verification failed.
[9780:684:0922/072852.074:ERROR:cast_crl.cc(443)] CRL - Verification failed.
[9780:684:0922/072912.770:ERROR:cast_crl.cc(443)] CRL - Verification failed.
[9780:684:0922/073002.417:ERROR:cast_crl.cc(443)] CRL - Verification failed.
[9780:684:0922/073034.420:ERROR:cast_crl.cc(443)] CRL - Verification failed.
[9780:684:0922/073058.094:ERROR:cast_crl.cc(443)] CRL - Verification failed.
[9780:684:0922/073129.764:ERROR:cast_crl.cc(443)] CRL - Verification failed.
[9780:684:0922/073238.782:ERROR:cast_crl.cc(443)] CRL - Verification failed.
[9780:684:0922/073324.448:ERROR:cast_crl.cc(443)] CRL - Verification failed.
[9780:684:0922/073416.783:ERROR:cast_crl.cc(443)] CRL - Verification failed.
[9780:684:0922/073450.143:ERROR:cast_crl.cc(443)] CRL - Verification failed.
[9780:684:0922/073511.799:ERROR:cast_crl.cc(443)] CRL - Verification failed.
[9780:684:0922/073615.478:ERROR:cast_crl.cc(443)] CRL - Verification failed.
[9780:684:0922/073650.818:ERROR:cast_crl.cc(443)] CRL - Verification failed.
[9780:684:0922/073733.491:ERROR:cast_crl.cc(443)] CRL - Verification failed.
[9780:684:0922/073820.497:ERROR:cast_crl.cc(443)] CRL - Verification failed.
[9780:684:0922/073852.862:ERROR:cast_crl.cc(443)] CRL - Verification failed.
[9780:684:0922/073914.523:ERROR:cast_crl.cc(443)] CRL - Verification failed.
[9780:684:0922/074019.186:ERROR:cast_crl.cc(443)] CRL - Verification failed.
[9780:684:0922/074059.550:ERROR:cast_crl.cc(443)] CRL - Verification failed.
[9780:684:0922/074121.194:ERROR:cast_crl.cc(443)] CRL - Verification failed.
[9780:684:0922/074230.612:ERROR:cast_crl.cc(443)] CRL - Verification failed.
[9780:684:0922/074304.212:ERROR:cast_crl.cc(443)] CRL - Verification failed.
[9780:684:0922/074442.912:ERROR:cast_crl.cc(443)] CRL - Verification failed.
[9780:684:0922/074515.580:ERROR:cast_crl.cc(443)] CRL - Verification failed.
[9780:684:0922/074608.580:ERROR:cast_crl.cc(443)] CRL - Verification failed.
[9780:684:0922/074721.333:ERROR:cast_crl.cc(443)] CRL - Verification failed.
[9780:684:0922/074721.993:ERROR:cast_crl.cc(443)] CRL - Verification failed.
[9780:684:0922/074730.829:ERROR:cast_crl.cc(443)] CRL - Verification failed.
[9780:684:0922/074745.335:ERROR:cast_crl.cc(443)] CRL - Verification failed.
[9780:684:0922/075204.658:ERROR:cast_crl.cc(443)] CRL - Verification failed.
[9780:684:0922/075226.303:ERROR:cast_crl.cc(443)] CRL - Verification failed.
[9780:684:0922/075335.650:ERROR:cast_crl.cc(443)] CRL - Verification failed.
[9780:684:0922/075419.415:ERROR:cast_crl.cc(443)] CRL - Verification failed.
[9780:684:0922/075440.045:ERROR:cast_crl.cc(443)] CRL - Verification failed.
[9780:684:0922/075550.010:ERROR:cast_crl.cc(443)] CRL - Verification failed.
[9780:684:0922/075744.558:ERROR:cast_crl.cc(443)] CRL - Verification failed.
[9780:684:0922/075915.807:ERROR:cast_crl.cc(443)] CRL - Verification failed.
[9780:684:0922/080021.391:ERROR:cast_crl.cc(443)] CRL - Verification failed.
[9780:684:0922/080127.950:ERROR:cast_crl.cc(443)] CRL - Verification failed.
[9780:684:0922/080215.501:ERROR:cast_crl.cc(443)] CRL - Verification failed.
[9780:684:0922/080320.752:ERROR:cast_crl.cc(443)] CRL - Verification failed.
[9780:684:0922/080408.197:ERROR:cast_crl.cc(443)] CRL - Verification failed.
[9780:684:0922/080601.537:ERROR:cast_crl.cc(443)] CRL - Verification failed.
[9780:684:0922/080731.611:ERROR:cast_crl.cc(443)] CRL - Verification failed.
[9780:684:0922/080813.919:ERROR:cast_crl.cc(443)] CRL - Verification failed.
[9780:684:0922/080945.821:ERROR:cast_crl.cc(443)] CRL - Verification failed.
[9780:684:0922/081032.587:ERROR:cast_crl.cc(443)] CRL - Verification failed.
[9780:684:0922/081139.932:ERROR:cast_crl.cc(443)] CRL - Verification failed.
[9780:684:0922/081305.184:ERROR:cast_crl.cc(443)] CRL - Verification failed.
[9780:684:0922/081522.149:ERROR:cast_crl.cc(443)] CRL - Verification failed.
[9780:684:0922/081525.222:ERROR:cast_crl.cc(443)] CRL - Verification failed.
[9780:684:0922/081535.363:ERROR:cast_crl.cc(443)] CRL - Verification failed.
[9780:684:0922/081548.619:ERROR:cast_crl.cc(443)] CRL - Verification failed.
[9780:684:0922/082422.547:ERROR:cast_crl.cc(443)] CRL - Verification failed.
[9780:684:0922/082634.736:ERROR:cast_crl.cc(443)] CRL - Verification failed.
[9780:684:0922/082855.966:ERROR:cast_crl.cc(443)] CRL - Verification failed.
[9780:684:0922/083021.973:ERROR:cast_crl.cc(443)] CRL - Verification failed.
[9780:684:0922/083106.890:ERROR:cast_crl.cc(443)] CRL - Verification failed.
[9780:684:0922/083158.884:ERROR:cast_crl.cc(443)] CRL - Verification failed.
[9780:684:0922/083239.167:ERROR:cast_crl.cc(443)] CRL - Verification failed.
[9780:684:0922/083412.949:ERROR:cast_crl.cc(443)] CRL - Verification failed.
[9780:684:0922/083448.442:ERROR:cast_crl.cc(443)] CRL - Verification failed.
[9780:684:0922/083629.824:ERROR:cast_crl.cc(443)] CRL - Verification failed.
[9780:684:0922/083707.495:ERROR:cast_crl.cc(443)] CRL - Verification failed.
[9780:684:0922/083834.420:ERROR:cast_crl.cc(443)] CRL - Verification failed.
[9780:684:0922/083925.841:ERROR:cast_crl.cc(443)] CRL - Verification failed.
[9780:684:0922/084049.661:ERROR:cast_crl.cc(443)] CRL - Verification failed.
[9780:684:0922/084314.567:ERROR:cast_crl.cc(443)] CRL - Verification failed.
[9780:684:0922/084523.242:ERROR:cast_crl.cc(443)] CRL - Verification failed.
[9780:684:0922/084523.993:ERROR:cast_crl.cc(443)] CRL - Verification failed.
[9780:684:0922/084539.372:ERROR:cast_crl.cc(443)] CRL - Verification failed.
[9780:684:0922/084550.101:ERROR:cast_crl.cc(443)] CRL - Verification failed.
[9780:684:0922/092638.132:ERROR:cast_crl.cc(443)] CRL - Verification failed.
[9780:684:0922/092641.150:ERROR:cast_crl.cc(443)] CRL - Verification failed.
[9780:684:0922/092649.335:ERROR:cast_crl.cc(443)] CRL - Verification failed.
[9780:684:0922/092701.195:ERROR:cast_crl.cc(443)] CRL - Verification failed.
[9780:684:0922/092722.026:ERROR:cast_crl.cc(443)] CRL - Verification failed.
[9780:684:0922/092722.368:ERROR:cast_crl.cc(443)] CRL - Verification failed.
[9780:684:0922/092732.826:ERROR:cast_crl.cc(443)] CRL - Verification failed.
[9780:684:0922/092741.724:ERROR:cast_crl.cc(443)] CRL - Verification failed.
[9780:684:0922/095318.474:ERROR:cast_crl.cc(443)] CRL - Verification failed.
[9780:684:0922/095320.647:ERROR:cast_crl.cc(443)] CRL - Verification failed.
[9780:684:0922/095329.725:ERROR:cast_crl.cc(443)] CRL - Verification failed.
[9780:684:0922/095342.623:ERROR:cast_crl.cc(443)] CRL - Verification failed.
[9780:684:0922/095724.380:ERROR:cast_crl.cc(443)] CRL - Verification failed.
[9780:684:0922/095724.980:ERROR:cast_crl.cc(443)] CRL - Verification failed.
[9780:684:0922/095738.324:ERROR:cast_crl.cc(443)] CRL - Verification failed.
[9780:684:0922/095746.677:ERROR:cast_crl.cc(443)] CRL - Verification failed.
[9780:684:0922/102521.993:ERROR:cast_crl.cc(443)] CRL - Verification failed.
[9780:684:0922/102523.068:ERROR:cast_crl.cc(443)] CRL - Verification failed.
[9780:684:0922/102537.068:ERROR:cast_crl.cc(443)] CRL - Verification failed.
[9780:684:0922/102551.296:ERROR:cast_crl.cc(443)] CRL - Verification failed.
[9780:684:0922/124950.263:ERROR:cast_crl.cc(443)] CRL - Verification failed.
[9780:684:0922/125000.382:ERROR:cast_crl.cc(443)] CRL - Verification failed.
[9780:684:0922/125122.053:ERROR:cast_crl.cc(443)] CRL - Verification failed.
[9780:684:0922/125122.731:ERROR:cast_crl.cc(443)] CRL - Verification failed.
[9780:684:0922/125131.728:ERROR:cast_crl.cc(443)] CRL - Verification failed.
[9780:684:0922/125142.729:ERROR:cast_crl.cc(443)] CRL - Verification failed.
[9780:684:0922/131722.080:ERROR:cast_crl.cc(443)] CRL - Verification failed.
[9780:684:0922/131722.709:ERROR:cast_crl.cc(443)] CRL - Verification failed.
[9780:684:0922/131737.304:ERROR:cast_crl.cc(443)] CRL - Verification failed.
[9780:684:0922/131747.787:ERROR:cast_crl.cc(443)] CRL - Verification failed.
[9780:684:0922/132924.281:ERROR:cast_crl.cc(443)] CRL - Verification failed.
[9780:684:0922/132925.177:ERROR:cast_crl.cc(443)] CRL - Verification failed.
[9780:684:0922/132936.297:ERROR:cast_crl.cc(443)] CRL - Verification failed.
[9780:684:0922/132946.794:ERROR:cast_crl.cc(443)] CRL - Verification failed.
[9780:684:0922/134926.065:ERROR:cast_crl.cc(443)] CRL - Verification failed.
[9780:684:0922/134926.738:ERROR:cast_crl.cc(443)] CRL - Verification failed.
[9780:684:0922/134935.767:ERROR:cast_crl.cc(443)] CRL - Verification failed.
[9780:684:0922/134945.999:ERROR:cast_crl.cc(443)] CRL - Verification failed.
[9780:684:0922/140522.175:ERROR:cast_crl.cc(443)] CRL - Verification failed.
[9780:684:0922/140522.845:ERROR:cast_crl.cc(443)] CRL - Verification failed.
[9780:684:0922/140535.082:ERROR:cast_crl.cc(443)] CRL - Verification failed.
[9780:684:0922/140548.567:ERROR:cast_crl.cc(443)] CRL - Verification failed.
[9780:684:0922/141722.301:ERROR:cast_crl.cc(443)] CRL - Verification failed.
[9780:684:0922/141722.971:ERROR:cast_crl.cc(443)] CRL - Verification failed.
[9780:684:0922/141732.967:ERROR:cast_crl.cc(443)] CRL - Verification failed.
[9780:684:0922/141742.304:ERROR:cast_crl.cc(443)] CRL - Verification failed.
[9780:684:0922/144154.252:ERROR:cast_crl.cc(443)] CRL - Verification failed.
[9780:684:0922/144353.332:ERROR:cast_crl.cc(443)] CRL - Verification failed.
[9780:684:0922/144359.156:ERROR:cast_crl.cc(443)] CRL - Verification failed.
[9780:684:0922/144400.624:ERROR:cast_crl.cc(443)] CRL - Verification failed.
[9780:684:0922/144406.405:ERROR:cast_crl.cc(443)] CRL - Verification failed.
[9780:684:0922/144412.637:ERROR:cast_crl.cc(443)] CRL - Verification failed.
[9780:684:0922/144418.646:ERROR:cast_crl.cc(443)] CRL - Verification failed.
[9780:684:0922/144421.461:ERROR:cast_crl.cc(443)] CRL - Verification failed.
[9780:684:0922/155322.358:ERROR:cast_crl.cc(443)] CRL - Verification failed.
[9780:684:0922/175523.145:ERROR:cast_crl.cc(443)] CRL - Verification failed.
[9780:684:0922/175656.679:ERROR:cast_crl.cc(443)] CRL - Verification failed.
[9780:684:0922/180605.070:ERROR:cast_crl.cc(443)] CRL - Verification failed.
[9780:684:0922/180650.814:ERROR:cast_crl.cc(443)] CRL - Verification failed.
[9780:684:0922/180732.275:ERROR:cast_crl.cc(443)] CRL - Verification failed.
[9780:684:0922/181714.685:ERROR:cast_crl.cc(443)] CRL - Verification failed.
[9780:684:0922/181847.237:ERROR:cast_crl.cc(443)] CRL - Verification failed.
[9780:684:0922/181955.721:ERROR:cast_crl.cc(443)] CRL - Verification failed.
[9780:684:0922/182106.897:ERROR:cast_crl.cc(443)] CRL - Verification failed.
[9780:684:0922/182151.926:ERROR:cast_crl.cc(443)] CRL - Verification failed.
[9780:684:0922/182258.230:ERROR:cast_crl.cc(443)] CRL - Verification failed.
[9780:684:0922/182345.127:ERROR:cast_crl.cc(443)] CRL - Verification failed.
[9780:684:0922/182514.584:ERROR:cast_crl.cc(443)] CRL - Verification failed.
[9780:684:0922/182623.267:ERROR:cast_crl.cc(443)] CRL - Verification failed.
[9780:684:0922/182727.615:ERROR:cast_crl.cc(443)] CRL - Verification failed.
[9780:684:0922/182812.577:ERROR:cast_crl.cc(443)] CRL - Verification failed.
[9780:684:0922/182947.059:ERROR:cast_crl.cc(443)] CRL - Verification failed.
[9780:684:0922/183115.837:ERROR:cast_crl.cc(443)] CRL - Verification failed.
[9780:684:0922/183200.666:ERROR:cast_crl.cc(443)] CRL - Verification failed.
[9780:684:0922/183333.711:ERROR:cast_crl.cc(443)] CRL - Verification failed.
[9780:684:0922/183421.472:ERROR:cast_crl.cc(443)] CRL - Verification failed.
[9780:684:0922/183525.962:ERROR:cast_crl.cc(443)] CRL - Verification failed.
[9780:684:0922/183608.607:ERROR:cast_crl.cc(443)] CRL - Verification failed.
[9780:684:0922/183739.903:ERROR:cast_crl.cc(443)] CRL - Verification failed.
[9780:684:0922/183826.789:ERROR:cast_crl.cc(443)] CRL - Verification failed.
[9780:684:0922/183957.267:ERROR:cast_crl.cc(443)] CRL - Verification failed.
[9780:684:0922/184042.938:ERROR:cast_crl.cc(443)] CRL - Verification failed.
[9780:684:0922/184149.295:ERROR:cast_crl.cc(443)] CRL - Verification failed.
[9780:684:0922/184237.010:ERROR:cast_crl.cc(443)] CRL - Verification failed.
[9780:684:0922/184343.567:ERROR:cast_crl.cc(443)] CRL - Verification failed.
[9780:684:0922/184428.838:ERROR:cast_crl.cc(443)] CRL - Verification failed.
[9780:684:0922/184559.639:ERROR:cast_crl.cc(443)] CRL - Verification failed.
[9780:684:0922/184644.990:ERROR:cast_crl.cc(443)] CRL - Verification failed.
[9780:684:0922/184750.064:ERROR:cast_crl.cc(443)] CRL - Verification failed.
[9780:684:0922/184834.139:ERROR:cast_crl.cc(443)] CRL - Verification failed.
[9780:684:0922/185007.345:ERROR:cast_crl.cc(443)] CRL - Verification failed.
[9780:684:0922/185050.380:ERROR:cast_crl.cc(443)] CRL - Verification failed.
[9780:684:0922/185154.582:ERROR:cast_crl.cc(443)] CRL - Verification failed.
[9780:684:0922/185240.736:ERROR:cast_crl.cc(443)] CRL - Verification failed.
[9780:684:0922/185415.870:ERROR:cast_crl.cc(443)] CRL - Verification failed.
[9780:684:0922/185545.973:ERROR:cast_crl.cc(443)] CRL - Verification failed.
[9780:684:0922/185629.133:ERROR:cast_crl.cc(443)] CRL - Verification failed.
[9780:684:0922/185734.659:ERROR:cast_crl.cc(443)] CRL - Verification failed.
[9780:684:0922/185816.677:ERROR:cast_crl.cc(443)] CRL - Verification failed.
[9780:684:0922/185929.668:ERROR:cast_crl.cc(443)] CRL - Verification failed.
[9780:684:0922/190006.624:ERROR:cast_crl.cc(443)] CRL - Verification failed.
[9780:684:0922/190152.010:ERROR:cast_crl.cc(443)] CRL - Verification failed.
[9780:684:0922/190230.919:ERROR:cast_crl.cc(443)] CRL - Verification failed.
[9780:684:0922/190339.875:ERROR:cast_crl.cc(443)] CRL - Verification failed.
[9780:684:0922/190420.529:ERROR:cast_crl.cc(443)] CRL - Verification failed.
[9780:684:0922/190553.560:ERROR:cast_crl.cc(443)] CRL - Verification failed.
[9780:684:0922/190638.577:ERROR:cast_crl.cc(443)] CRL - Verification failed.
[9780:684:0922/190811.487:ERROR:cast_crl.cc(443)] CRL - Verification failed.
[9780:684:0922/190856.185:ERROR:cast_crl.cc(443)] CRL - Verification failed.
[9780:684:0922/191001.233:ERROR:cast_crl.cc(443)] CRL - Verification failed.
[9780:684:0922/191049.090:ERROR:cast_crl.cc(443)] CRL - Verification failed.
[9780:684:0922/191154.023:ERROR:cast_crl.cc(443)] CRL - Verification failed.
[9780:684:0922/191241.945:ERROR:cast_crl.cc(443)] CRL - Verification failed.
[9780:684:0922/191413.280:ERROR:cast_crl.cc(443)] CRL - Verification failed.
[9780:684:0922/191456.299:ERROR:cast_crl.cc(443)] CRL - Verification failed.
[9780:684:0922/191627.805:ERROR:cast_crl.cc(443)] CRL - Verification failed.
[9780:684:0922/191819.332:ERROR:cast_crl.cc(443)] CRL - Verification failed.
[9780:684:0922/191906.539:ERROR:cast_crl.cc(443)] CRL - Verification failed.
[9780:684:0922/192008.380:ERROR:cast_crl.cc(443)] CRL - Verification failed.
[9780:684:0922/192053.018:ERROR:cast_crl.cc(443)] CRL - Verification failed.
[9780:684:0922/192209.125:ERROR:cast_crl.cc(443)] CRL - Verification failed.
[9780:684:0922/192259.252:ERROR:cast_crl.cc(443)] CRL - Verification failed.
[9780:684:0922/192410.162:ERROR:cast_crl.cc(443)] CRL - Verification failed.
[9780:684:0922/192507.227:ERROR:cast_crl.cc(443)] CRL - Verification failed.
[9780:684:0922/192611.232:ERROR:cast_crl.cc(443)] CRL - Verification failed.
[9780:684:0922/192658.079:ERROR:cast_crl.cc(443)] CRL - Verification failed.
[9780:684:0922/192850.201:ERROR:cast_crl.cc(443)] CRL - Verification failed.
[9780:684:0922/192936.928:ERROR:cast_crl.cc(443)] CRL - Verification failed.
[9780:684:0922/193039.798:ERROR:cast_crl.cc(443)] CRL - Verification failed.
[9780:684:0922/193127.118:ERROR:cast_crl.cc(443)] CRL - Verification failed.
[9780:684:0922/193231.144:ERROR:cast_crl.cc(443)] CRL - Verification failed.
[9780:684:0922/193314.815:ERROR:cast_crl.cc(443)] CRL - Verification failed.
[9780:684:0922/193430.777:ERROR:cast_crl.cc(443)] CRL - Verification failed.
[9780:684:0922/193516.836:ERROR:cast_crl.cc(443)] CRL - Verification failed.
[9780:684:0922/193620.970:ERROR:cast_crl.cc(443)] CRL - Verification failed.
[9780:684:0922/193705.240:ERROR:cast_crl.cc(443)] CRL - Verification failed.
[9780:684:0922/193752.474:ERROR:cast_crl.cc(443)] CRL - Verification failed.
[9780:684:0922/193854.544:ERROR:cast_crl.cc(443)] CRL - Verification failed.
[9780:684:0922/193946.623:ERROR:cast_crl.cc(443)] CRL - Verification failed.
[9780:684:0922/194057.233:ERROR:cast_crl.cc(443)] CRL - Verification failed.
[9780:684:0922/194142.630:ERROR:cast_crl.cc(443)] CRL - Verification failed.
[9780:684:0922/194247.348:ERROR:cast_crl.cc(443)] CRL - Verification failed.
[9780:684:0922/194331.297:ERROR:cast_crl.cc(443)] CRL - Verification failed.
[9780:684:0922/194437.943:ERROR:cast_crl.cc(443)] CRL - Verification failed.
[9780:684:0922/194523.282:ERROR:cast_crl.cc(443)] CRL - Verification failed.
[9780:684:0922/194610.957:ERROR:cast_crl.cc(443)] CRL - Verification failed.
[9780:684:0922/194714.303:ERROR:cast_crl.cc(443)] CRL - Verification failed.
[9780:684:0922/194803.638:ERROR:cast_crl.cc(443)] CRL - Verification failed.
[9780:684:0922/194909.988:ERROR:cast_crl.cc(443)] CRL - Verification failed.
[9780:684:0922/194953.328:ERROR:cast_crl.cc(443)] CRL - Verification failed.
[9780:684:0922/195127.341:ERROR:cast_crl.cc(443)] CRL - Verification failed.
[9780:684:0922/195211.345:ERROR:cast_crl.cc(443)] CRL - Verification failed.
[9780:684:0922/195317.354:ERROR:cast_crl.cc(443)] CRL - Verification failed.
[9780:684:0922/195404.363:ERROR:cast_crl.cc(443)] CRL - Verification failed.
[9780:684:0922/195535.715:ERROR:cast_crl.cc(443)] CRL - Verification failed.
[9780:684:0922/195621.382:ERROR:cast_crl.cc(443)] CRL - Verification failed.
[9780:684:0922/195727.061:ERROR:cast_crl.cc(443)] CRL - Verification failed.
[9780:684:0922/195813.077:ERROR:cast_crl.cc(443)] CRL - Verification failed.
[9780:684:0922/195946.750:ERROR:cast_crl.cc(443)] CRL - Verification failed.
[9780:684:0922/200032.423:ERROR:cast_crl.cc(443)] CRL - Verification failed.
[9780:684:0922/200137.431:ERROR:cast_crl.cc(443)] CRL - Verification failed.
[9780:684:0922/200223.106:ERROR:cast_crl.cc(443)] CRL - Verification failed.
[9780:684:0922/200353.125:ERROR:cast_crl.cc(443)] CRL - Verification failed.
[9780:684:0922/200438.466:ERROR:cast_crl.cc(443)] CRL - Verification failed.
[9780:684:0922/200542.482:ERROR:cast_crl.cc(443)] CRL - Verification failed.
[9780:684:0922/200628.820:ERROR:cast_crl.cc(443)] CRL - Verification failed.
[9780:684:0922/200804.165:ERROR:cast_crl.cc(443)] CRL - Verification failed.
[9780:684:0922/200848.177:ERROR:cast_crl.cc(443)] CRL - Verification failed.
[9780:684:0922/200954.185:ERROR:cast_crl.cc(443)] CRL - Verification failed.
[9780:684:0922/201040.196:ERROR:cast_crl.cc(443)] CRL - Verification failed.
[9780:684:0922/201211.544:ERROR:cast_crl.cc(443)] CRL - Verification failed.
[9780:684:0922/201257.217:ERROR:cast_crl.cc(443)] CRL - Verification failed.
[9780:684:0922/201403.231:ERROR:cast_crl.cc(443)] CRL - Verification failed.
[9780:684:0922/201446.241:ERROR:cast_crl.cc(443)] CRL - Verification failed.
[9780:684:0922/201620.256:ERROR:cast_crl.cc(443)] CRL - Verification failed.
[9780:684:0922/201706.592:ERROR:cast_crl.cc(443)] CRL - Verification failed.
[9780:684:0922/201809.944:ERROR:cast_crl.cc(443)] CRL - Verification failed.
[9780:684:0922/201854.927:ERROR:cast_crl.cc(443)] CRL - Verification failed.
[9780:684:0922/202028.636:ERROR:cast_crl.cc(443)] CRL - Verification failed.
[9780:684:0922/202114.640:ERROR:cast_crl.cc(443)] CRL - Verification failed.
[9780:684:0922/202218.341:ERROR:cast_crl.cc(443)] CRL - Verification failed.
[9780:684:0922/202306.327:ERROR:cast_crl.cc(443)] CRL - Verification failed.
[9780:684:0922/202440.005:ERROR:cast_crl.cc(443)] CRL - Verification failed.
[9780:684:0922/202512.009:ERROR:cast_crl.cc(443)] CRL - Verification failed.
[9780:684:0922/202545.351:ERROR:cast_crl.cc(443)] CRL - Verification failed.
[9780:684:0922/202649.689:ERROR:cast_crl.cc(443)] CRL - Verification failed.
[9780:684:0922/202740.364:ERROR:cast_crl.cc(443)] CRL - Verification failed.
[9780:684:0922/202846.044:ERROR:cast_crl.cc(443)] CRL - Verification failed.
[9780:684:0922/202933.052:ERROR:cast_crl.cc(443)] CRL - Verification failed.
[9780:684:0922/203103.403:ERROR:cast_crl.cc(443)] CRL - Verification failed.
[9780:684:0922/203147.746:ERROR:cast_crl.cc(443)] CRL - Verification failed.
[9780:684:0922/203251.754:ERROR:cast_crl.cc(443)] CRL - Verification failed.
[9780:684:0922/203340.098:ERROR:cast_crl.cc(443)] CRL - Verification failed.
[9780:684:0922/203513.108:ERROR:cast_crl.cc(443)] CRL - Verification failed.
[9780:684:0922/203547.454:ERROR:cast_crl.cc(443)] CRL - Verification failed.
[9780:684:0922/203700.143:ERROR:cast_crl.cc(443)] CRL - Verification failed.
[9780:684:0922/203749.471:ERROR:cast_crl.cc(443)] CRL - Verification failed.
[9780:684:0922/203921.173:ERROR:cast_crl.cc(443)] CRL - Verification failed.
[9780:684:0922/204006.491:ERROR:cast_crl.cc(443)] CRL - Verification failed.
[9780:684:0922/204110.511:ERROR:cast_crl.cc(443)] CRL - Verification failed.
[9780:684:0922/204155.854:ERROR:cast_crl.cc(443)] CRL - Verification failed.
[9780:684:0922/204328.204:ERROR:cast_crl.cc(443)] CRL - Verification failed.
[9780:684:0922/204414.210:ERROR:cast_crl.cc(443)] CRL - Verification failed.
[9780:684:0922/204518.374:ERROR:cast_crl.cc(443)] CRL - Verification failed.
[9780:684:0922/204607.161:ERROR:cast_crl.cc(443)] CRL - Verification failed.
[9780:684:0922/204739.983:ERROR:cast_crl.cc(443)] CRL - Verification failed.
[9780:684:0922/204825.247:ERROR:cast_crl.cc(443)] CRL - Verification failed.
[9780:684:0922/204927.925:ERROR:cast_crl.cc(443)] CRL - Verification failed.
[9780:684:0922/205017.591:ERROR:cast_crl.cc(443)] CRL - Verification failed.
[9780:684:0922/205123.619:ERROR:cast_crl.cc(443)] CRL - Verification failed.
[9780:684:0922/205206.281:ERROR:cast_crl.cc(443)] CRL - Verification failed.
[9780:684:0922/205351.307:ERROR:cast_crl.cc(443)] CRL - Verification failed.
[9780:684:0922/205435.980:ERROR:cast_crl.cc(443)] CRL - Verification failed.
[9780:684:0922/205554.662:ERROR:cast_crl.cc(443)] CRL - Verification failed.
[9780:684:0922/205639.996:ERROR:cast_crl.cc(443)] CRL - Verification failed.
[9780:684:0922/205743.818:ERROR:cast_crl.cc(443)] CRL - Verification failed.
[9780:684:0922/205832.360:ERROR:cast_crl.cc(443)] CRL - Verification failed.
[9780:684:0922/210006.378:ERROR:cast_crl.cc(443)] CRL - Verification failed.
[9780:684:0922/210041.392:ERROR:cast_crl.cc(443)] CRL - Verification failed.
[9780:684:0922/210115.736:ERROR:cast_crl.cc(443)] CRL - Verification failed.
[9780:684:0922/210241.405:ERROR:cast_crl.cc(443)] CRL - Verification failed.
[9780:684:0922/210328.418:ERROR:cast_crl.cc(443)] CRL - Verification failed.
[9780:684:0922/210430.778:ERROR:cast_crl.cc(443)] CRL - Verification failed.
[9780:684:0922/210517.768:ERROR:cast_crl.cc(443)] CRL - Verification failed.
[9780:684:0922/210621.499:ERROR:cast_crl.cc(443)] CRL - Verification failed.
[9780:684:0922/210712.459:ERROR:cast_crl.cc(443)] CRL - Verification failed.
[9780:684:0922/210844.148:ERROR:cast_crl.cc(443)] CRL - Verification failed.
[9780:684:0922/210929.486:ERROR:cast_crl.cc(443)] CRL - Verification failed.
[9780:684:0922/211035.486:ERROR:cast_crl.cc(443)] CRL - Verification failed.
[9780:684:0922/211107.822:ERROR:cast_crl.cc(443)] CRL - Verification failed.
[9780:684:0922/211153.172:ERROR:cast_crl.cc(443)] CRL - Verification failed.
[9780:684:0922/211317.191:ERROR:cast_crl.cc(443)] CRL - Verification failed.
[9780:684:0922/211349.527:ERROR:cast_crl.cc(443)] CRL - Verification failed.
[9780:684:0922/211453.538:ERROR:cast_crl.cc(443)] CRL - Verification failed.
[9780:684:0922/211540.582:ERROR:cast_crl.cc(443)] CRL - Verification failed.
[9780:684:0922/211612.892:ERROR:cast_crl.cc(443)] CRL - Verification failed.
[9780:684:0922/211719.233:ERROR:cast_crl.cc(443)] CRL - Verification failed.
[9780:684:0922/211751.568:ERROR:cast_crl.cc(443)] CRL - Verification failed.
[9780:684:0922/211907.918:ERROR:cast_crl.cc(443)] CRL - Verification failed.
[9780:684:0922/211955.595:ERROR:cast_crl.cc(443)] CRL - Verification failed.
[9780:684:0922/212132.941:ERROR:cast_crl.cc(443)] CRL - Verification failed.
[9780:684:0922/212216.955:ERROR:cast_crl.cc(443)] CRL - Verification failed.
[9780:684:0922/212323.290:ERROR:cast_crl.cc(443)] CRL - Verification failed.
[9780:684:0922/212355.633:ERROR:cast_crl.cc(443)] CRL - Verification failed.
[9780:684:0922/212440.305:ERROR:cast_crl.cc(443)] CRL - Verification failed.
[9780:684:0922/212602.320:ERROR:cast_crl.cc(443)] CRL - Verification failed.
[9780:684:0922/212636.993:ERROR:cast_crl.cc(443)] CRL - Verification failed.
[9780:684:0922/212741.332:ERROR:cast_crl.cc(443)] CRL - Verification failed.
[9780:684:0922/212827.678:ERROR:cast_crl.cc(443)] CRL - Verification failed.
[9780:684:0922/212948.353:ERROR:cast_crl.cc(443)] CRL - Verification failed.
[9780:684:0922/213034.360:ERROR:cast_crl.cc(443)] CRL - Verification failed.
[9780:684:0922/213226.714:ERROR:cast_crl.cc(443)] CRL - Verification failed.
[9780:684:0922/213258.387:ERROR:cast_crl.cc(443)] CRL - Verification failed.
[9780:684:0922/213421.064:ERROR:cast_crl.cc(443)] CRL - Verification failed.
[9780:684:0922/213506.074:ERROR:cast_crl.cc(443)] CRL - Verification failed.
[9780:684:0922/213610.084:ERROR:cast_crl.cc(443)] CRL - Verification failed.
[9780:684:0922/213643.083:ERROR:cast_crl.cc(443)] CRL - Verification failed.
[9780:684:0922/213736.762:ERROR:cast_crl.cc(443)] CRL - Verification failed.
[9780:684:0922/213853.776:ERROR:cast_crl.cc(443)] CRL - Verification failed.
[9780:684:0922/213937.454:ERROR:cast_crl.cc(443)] CRL - Verification failed.
[9780:684:0922/214041.799:ERROR:cast_crl.cc(443)] CRL - Verification failed.
[9780:684:0922/214116.469:ERROR:cast_crl.cc(443)] CRL - Verification failed.
[9780:684:0922/214148.804:ERROR:cast_crl.cc(443)] CRL - Verification failed.
[9780:684:0922/214241.144:ERROR:cast_crl.cc(443)] CRL - Verification failed.
[9780:684:0922/214313.617:ERROR:cast_crl.cc(443)] CRL - Verification failed.
[9780:684:0922/214335.152:ERROR:cast_crl.cc(443)] CRL - Verification failed.
[9780:684:0922/214408.160:ERROR:cast_crl.cc(443)] CRL - Verification failed.
[9780:684:0922/214512.510:ERROR:cast_crl.cc(443)] CRL - Verification failed.
[9780:684:0922/214558.844:ERROR:cast_crl.cc(443)] CRL - Verification failed.
[9780:684:0922/214702.517:ERROR:cast_crl.cc(443)] CRL - Verification failed.
[9780:684:0922/214753.760:ERROR:cast_crl.cc(443)] CRL - Verification failed.
[9780:684:0922/214925.550:ERROR:cast_crl.cc(443)] CRL - Verification failed.
[9780:684:0922/215011.225:ERROR:cast_crl.cc(443)] CRL - Verification failed.
[9780:684:0922/215115.241:ERROR:cast_crl.cc(443)] CRL - Verification failed.
[9780:684:0922/215147.911:ERROR:cast_crl.cc(443)] CRL - Verification failed.
[9780:684:0922/215221.583:ERROR:cast_crl.cc(443)] CRL - Verification failed.
[9780:684:0922/215325.927:ERROR:cast_crl.cc(443)] CRL - Verification failed.
[9780:684:0922/215358.932:ERROR:cast_crl.cc(443)] CRL - Verification failed.
[9780:684:0922/215431.605:ERROR:cast_crl.cc(443)] CRL - Verification failed.
[9780:684:0922/215537.618:ERROR:cast_crl.cc(443)] CRL - Verification failed.
[9780:684:0922/215609.283:ERROR:cast_crl.cc(443)] CRL - Verification failed.
[9780:684:0922/215658.965:ERROR:cast_crl.cc(443)] CRL - Verification failed.
[9780:684:0922/215803.309:ERROR:cast_crl.cc(443)] CRL - Verification failed.
[9780:684:0922/215834.984:ERROR:cast_crl.cc(443)] CRL - Verification failed.
[9780:684:0922/215954.989:ERROR:cast_crl.cc(443)] CRL - Verification failed.
[9780:684:0922/220042.998:ERROR:cast_crl.cc(443)] CRL - Verification failed.
[9780:684:0922/220214.018:ERROR:cast_crl.cc(443)] CRL - Verification failed.
[9780:684:0922/220259.691:ERROR:cast_crl.cc(443)] CRL - Verification failed.
[9780:684:0922/220405.699:ERROR:cast_crl.cc(443)] CRL - Verification failed.
[9780:684:0922/220437.374:ERROR:cast_crl.cc(443)] CRL - Verification failed.
[9780:684:0922/220532.377:ERROR:cast_crl.cc(443)] CRL - Verification failed.
[9780:684:0922/220619.386:ERROR:cast_crl.cc(443)] CRL - Verification failed.
[9780:684:0922/220654.731:ERROR:cast_crl.cc(443)] CRL - Verification failed.
[9780:684:0922/220739.738:ERROR:cast_crl.cc(443)] CRL - Verification failed.
[9780:684:0922/220838.787:ERROR:cast_crl.cc(443)] CRL - Verification failed.
[9780:684:0922/220925.420:ERROR:cast_crl.cc(443)] CRL - Verification failed.
[9780:684:0922/221027.767:ERROR:cast_crl.cc(443)] CRL - Verification failed.
[9780:684:0922/221115.774:ERROR:cast_crl.cc(443)] CRL - Verification failed.
[9780:684:0922/221152.113:ERROR:cast_crl.cc(443)] CRL - Verification failed.
[9780:684:0922/221243.786:ERROR:cast_crl.cc(443)] CRL - Verification failed.
[9780:684:0922/221330.130:ERROR:cast_crl.cc(443)] CRL - Verification failed.
[9780:684:0922/221502.476:ERROR:cast_crl.cc(443)] CRL - Verification failed.
[9780:684:0922/221548.151:ERROR:cast_crl.cc(443)] CRL - Verification failed.
[9780:684:0922/221652.157:ERROR:cast_crl.cc(443)] CRL - Verification failed.
[9780:684:0922/221739.502:ERROR:cast_crl.cc(443)] CRL - Verification failed.
[9780:684:0922/221811.507:ERROR:cast_crl.cc(443)] CRL - Verification failed.
[9780:684:0922/221906.513:ERROR:cast_crl.cc(443)] CRL - Verification failed.
[9780:684:0922/221938.849:ERROR:cast_crl.cc(443)] CRL - Verification failed.
[9780:684:0922/222011.525:ERROR:cast_crl.cc(443)] CRL - Verification failed.
[9780:684:0922/222117.205:ERROR:cast_crl.cc(443)] CRL - Verification failed.
[9780:684:0922/222203.542:ERROR:cast_crl.cc(443)] CRL - Verification failed.
[9780:684:0922/222235.884:ERROR:cast_crl.cc(443)] CRL - Verification failed.
[9780:684:0922/222342.226:ERROR:cast_crl.cc(443)] CRL - Verification failed.
[9780:684:0922/222414.566:ERROR:cast_crl.cc(443)] CRL - Verification failed.
[9780:684:0922/222531.576:ERROR:cast_crl.cc(443)] CRL - Verification failed.
[9780:684:0922/222616.915:ERROR:cast_crl.cc(443)] CRL - Verification failed.
[9780:684:0922/222748.937:ERROR:cast_crl.cc(443)] CRL - Verification failed.
[9780:684:0922/222834.613:ERROR:cast_crl.cc(443)] CRL - Verification failed.
[9780:684:0922/222940.618:ERROR:cast_crl.cc(443)] CRL - Verification failed.
[9780:684:0922/223014.635:ERROR:cast_crl.cc(443)] CRL - Verification failed.
[9780:684:0922/223058.297:ERROR:cast_crl.cc(443)] CRL - Verification failed.
[9780:684:0922/223153.966:ERROR:cast_crl.cc(443)] CRL - Verification failed.
[9780:684:0922/223228.314:ERROR:cast_crl.cc(443)] CRL - Verification failed.
[9780:684:0922/223403.991:ERROR:cast_crl.cc(443)] CRL - Verification failed.
[9780:684:0922/223437.665:ERROR:cast_crl.cc(443)] CRL - Verification failed.
[9780:684:0922/223514.670:ERROR:cast_crl.cc(443)] CRL - Verification failed.
[9780:684:0922/223630.681:ERROR:cast_crl.cc(443)] CRL - Verification failed.
[9780:684:0922/223703.029:ERROR:cast_crl.cc(443)] CRL - Verification failed.
[9780:684:0922/223821.698:ERROR:cast_crl.cc(443)] CRL - Verification failed.
[9780:684:0922/223906.165:ERROR:cast_crl.cc(443)] CRL - Verification failed.
[9780:684:0922/223942.719:ERROR:cast_crl.cc(443)] CRL - Verification failed.
[9780:684:0922/224046.724:ERROR:cast_crl.cc(443)] CRL - Verification failed.
[9780:684:0922/224132.060:ERROR:cast_crl.cc(443)] CRL - Verification failed.
[9780:684:0922/224252.413:ERROR:cast_crl.cc(443)] CRL - Verification failed.
[9780:684:0922/224339.088:ERROR:cast_crl.cc(443)] CRL - Verification failed.
[9780:684:0922/224431.430:ERROR:cast_crl.cc(443)] CRL - Verification failed.
[9780:684:0922/224506.436:ERROR:cast_crl.cc(443)] CRL - Verification failed.
[9780:684:0922/224550.109:ERROR:cast_crl.cc(443)] CRL - Verification failed.
[9780:684:0922/224656.126:ERROR:cast_crl.cc(443)] CRL - Verification failed.
[9780:684:0922/224728.469:ERROR:cast_crl.cc(443)] CRL - Verification failed.
[9780:684:0922/224803.136:ERROR:cast_crl.cc(443)] CRL - Verification failed.
[9780:684:0922/224917.486:ERROR:cast_crl.cc(443)] CRL - Verification failed.
[9780:684:0922/225001.819:ERROR:cast_crl.cc(443)] CRL - Verification failed.
[9780:684:0922/225034.929:ERROR:cast_crl.cc(443)] CRL - Verification failed.
[9780:684:0922/225130.176:ERROR:cast_crl.cc(443)] CRL - Verification failed.
[9780:684:0922/225204.509:ERROR:cast_crl.cc(443)] CRL - Verification failed.
[9780:684:0922/225238.510:ERROR:cast_crl.cc(443)] CRL - Verification failed.
[9780:684:0922/225344.196:ERROR:cast_crl.cc(443)] CRL - Verification failed.
[9780:684:0922/225418.531:ERROR:cast_crl.cc(443)] CRL - Verification failed.
[9780:684:0922/225452.871:ERROR:cast_crl.cc(443)] CRL - Verification failed.
[9780:684:0922/225558.553:ERROR:cast_crl.cc(443)] CRL - Verification failed.
[9780:684:0922/225642.892:ERROR:cast_crl.cc(443)] CRL - Verification failed.
[9780:684:0922/225714.575:ERROR:cast_crl.cc(443)] CRL - Verification failed.
[9780:684:0922/225807.572:ERROR:cast_crl.cc(443)] CRL - Verification failed.
[9780:684:0922/225842.246:ERROR:cast_crl.cc(443)] CRL - Verification failed.
[9780:684:0922/225914.585:ERROR:cast_crl.cc(443)] CRL - Verification failed.
[9780:684:0922/230020.588:ERROR:cast_crl.cc(443)] CRL - Verification failed.
[9780:684:0922/230054.599:ERROR:cast_crl.cc(443)] CRL - Verification failed.
[9780:684:0922/230127.274:ERROR:cast_crl.cc(443)] CRL - Verification failed.
[9780:684:0922/230231.276:ERROR:cast_crl.cc(443)] CRL - Verification failed.
[9780:684:0922/230307.278:ERROR:cast_crl.cc(443)] CRL - Verification failed.
[9780:684:0922/230355.625:ERROR:cast_crl.cc(443)] CRL - Verification failed.
[9780:684:0922/230514.305:ERROR:cast_crl.cc(443)] CRL - Verification failed.
[9780:684:0922/230548.982:ERROR:cast_crl.cc(443)] CRL - Verification failed.
[9780:684:0922/230656.335:ERROR:cast_crl.cc(443)] CRL - Verification failed.
[9780:684:0922/230740.004:ERROR:cast_crl.cc(443)] CRL - Verification failed.
[9780:684:0922/230913.356:ERROR:cast_crl.cc(443)] CRL - Verification failed.
[9780:684:0922/230957.702:ERROR:cast_crl.cc(443)] CRL - Verification failed.
[9780:684:0922/231100.708:ERROR:cast_crl.cc(443)] CRL - Verification failed.
[9780:684:0922/231135.393:ERROR:cast_crl.cc(443)] CRL - Verification failed.
[9780:684:0922/231220.400:ERROR:cast_crl.cc(443)] CRL - Verification failed.
[9780:684:0922/231344.408:ERROR:cast_crl.cc(443)] CRL - Verification failed.
[9780:684:0922/231428.418:ERROR:cast_crl.cc(443)] CRL - Verification failed.
[9780:684:0922/231532.756:ERROR:cast_crl.cc(443)] CRL - Verification failed.
[9780:684:0922/231620.098:ERROR:cast_crl.cc(443)] CRL - Verification failed.
[9780:684:0922/231723.777:ERROR:cast_crl.cc(443)] CRL - Verification failed.
[9780:684:0922/231810.789:ERROR:cast_crl.cc(443)] CRL - Verification failed.
[9780:684:0922/231943.623:ERROR:cast_crl.cc(443)] CRL - Verification failed.
[9780:684:0922/232018.017:ERROR:cast_crl.cc(443)] CRL - Verification failed.
[9780:684:0922/232135.483:ERROR:cast_crl.cc(443)] CRL - Verification failed.
[9780:684:0922/232210.153:ERROR:cast_crl.cc(443)] CRL - Verification failed.
[9780:684:0922/232244.499:ERROR:cast_crl.cc(443)] CRL - Verification failed.
[9780:684:0922/232349.848:ERROR:cast_crl.cc(443)] CRL - Verification failed.
[9780:684:0922/232422.189:ERROR:cast_crl.cc(443)] CRL - Verification failed.
[9780:684:0922/232456.862:ERROR:cast_crl.cc(443)] CRL - Verification failed.
[9780:684:0922/232602.208:ERROR:cast_crl.cc(443)] CRL - Verification failed.
[9780:684:0922/232634.880:ERROR:cast_crl.cc(443)] CRL - Verification failed.
[9780:684:0922/232721.222:ERROR:cast_crl.cc(443)] CRL - Verification failed.
[9780:684:0922/232814.898:ERROR:cast_crl.cc(443)] CRL - Verification failed.
[9780:684:0922/232858.569:ERROR:cast_crl.cc(443)] CRL - Verification failed.
[9780:684:0922/233016.920:ERROR:cast_crl.cc(443)] CRL - Verification failed.
[9780:684:0922/233100.925:ERROR:cast_crl.cc(443)] CRL - Verification failed.
[9780:684:0922/233231.275:ERROR:cast_crl.cc(443)] CRL - Verification failed.
[9780:684:0922/233332.283:ERROR:cast_crl.cc(443)] CRL - Verification failed.
[9780:684:0922/233436.957:ERROR:cast_crl.cc(443)] CRL - Verification failed.
[9780:684:0922/233525.981:ERROR:cast_crl.cc(443)] CRL - Verification failed.
[9780:684:0922/233626.645:ERROR:cast_crl.cc(443)] CRL - Verification failed.
[9780:684:0922/233659.661:ERROR:cast_crl.cc(443)] CRL - Verification failed.
[9780:684:0922/233744.659:ERROR:cast_crl.cc(443)] CRL - Verification failed.
[9780:684:0922/233849.008:ERROR:cast_crl.cc(443)] CRL - Verification failed.
[9780:684:0922/233934.341:ERROR:cast_crl.cc(443)] CRL - Verification failed.
[9780:684:0922/234038.353:ERROR:cast_crl.cc(443)] CRL - Verification failed.
[9780:684:0922/234110.817:ERROR:cast_crl.cc(443)] CRL - Verification failed.
[9780:684:0922/234134.370:ERROR:cast_crl.cc(443)] CRL - Verification failed.
[9780:684:0922/234303.381:ERROR:cast_crl.cc(443)] CRL - Verification failed.
[9780:684:0922/234339.722:ERROR:cast_crl.cc(443)] CRL - Verification failed.
[9780:684:0922/234456.387:ERROR:cast_crl.cc(443)] CRL - Verification failed.
[9780:684:0922/234528.727:ERROR:cast_crl.cc(443)] CRL - Verification failed.
[9780:684:0922/234613.067:ERROR:cast_crl.cc(443)] CRL - Verification failed.
[9780:684:0922/234740.081:ERROR:cast_crl.cc(443)] CRL - Verification failed.
[9780:684:0922/234819.758:ERROR:cast_crl.cc(443)] CRL - Verification failed.
[9780:684:0922/234924.096:ERROR:cast_crl.cc(443)] CRL - Verification failed.
[9780:684:0922/234958.781:ERROR:cast_crl.cc(443)] CRL - Verification failed.
[9780:684:0922/235114.123:ERROR:cast_crl.cc(443)] CRL - Verification failed.
[9780:684:0922/235205.470:ERROR:cast_crl.cc(443)] CRL - Verification failed.
[9780:684:0922/235336.812:ERROR:cast_crl.cc(443)] CRL - Verification failed.
[9780:684:0922/235421.818:ERROR:cast_crl.cc(443)] CRL - Verification failed.
[9780:684:0922/235525.830:ERROR:cast_crl.cc(443)] CRL - Verification failed.
[9780:684:0922/235611.172:ERROR:cast_crl.cc(443)] CRL - Verification failed.
[9780:684:0922/235726.852:ERROR:cast_crl.cc(443)] CRL - Verification failed.
[9780:684:0922/235813.862:ERROR:cast_crl.cc(443)] CRL - Verification failed.
[9780:684:0922/235846.202:ERROR:cast_crl.cc(443)] CRL - Verification failed.
[9780:684:0922/235950.758:ERROR:cast_crl.cc(443)] CRL - Verification failed.
[9780:684:0923/000027.226:ERROR:cast_crl.cc(443)] CRL - Verification failed.
[9780:684:0923/000059.558:ERROR:cast_crl.cc(443)] CRL - Verification failed.
[9780:684:0923/000203.571:ERROR:cast_crl.cc(443)] CRL - Verification failed.
[9780:684:0923/000239.243:ERROR:cast_crl.cc(443)] CRL - Verification failed.
[9780:684:0923/000323.248:ERROR:cast_crl.cc(443)] CRL - Verification failed.
[9780:684:0923/000410.928:ERROR:cast_crl.cc(443)] CRL - Verification failed.
[9780:684:0923/000514.277:ERROR:cast_crl.cc(443)] CRL - Verification failed.
[9780:684:0923/000548.943:ERROR:cast_crl.cc(443)] CRL - Verification failed.
[9780:684:0923/000622.286:ERROR:cast_crl.cc(443)] CRL - Verification failed.
[9780:684:0923/000746.290:ERROR:cast_crl.cc(443)] CRL - Verification failed.
[9780:684:0923/000845.635:ERROR:cast_crl.cc(443)] CRL - Verification failed.
[9780:684:0923/000918.649:ERROR:cast_crl.cc(443)] CRL - Verification failed.
[9780:684:0923/001055.322:ERROR:cast_crl.cc(443)] CRL - Verification failed.
[9780:684:0923/001141.017:ERROR:cast_crl.cc(443)] CRL - Verification failed.
[9780:684:0923/001246.031:ERROR:cast_crl.cc(443)] CRL - Verification failed.
[9780:684:0923/001318.552:ERROR:cast_crl.cc(443)] CRL - Verification failed.
[9780:684:0923/001354.026:ERROR:cast_crl.cc(443)] CRL - Verification failed.
[9780:684:0923/001456.706:ERROR:cast_crl.cc(443)] CRL - Verification failed.
[9780:684:0923/001543.715:ERROR:cast_crl.cc(443)] CRL - Verification failed.
[9780:684:0923/001615.394:ERROR:cast_crl.cc(443)] CRL - Verification failed.
[9780:684:0923/001719.405:ERROR:cast_crl.cc(443)] CRL - Verification failed.
[9780:684:0923/001815.739:ERROR:cast_crl.cc(443)] CRL - Verification failed.
[9780:684:0923/001922.754:ERROR:cast_crl.cc(443)] CRL - Verification failed.
[9780:684:0923/001956.596:ERROR:cast_crl.cc(443)] CRL - Verification failed.
[9780:684:0923/002127.943:ERROR:cast_crl.cc(443)] CRL - Verification failed.
[9780:684:0923/002214.115:ERROR:cast_crl.cc(443)] CRL - Verification failed.
[9780:684:0923/002344.127:ERROR:cast_crl.cc(443)] CRL - Verification failed.
[9780:684:0923/002429.802:ERROR:cast_crl.cc(443)] CRL - Verification failed.
[9780:684:0923/002534.139:ERROR:cast_crl.cc(443)] CRL - Verification failed.
[9780:684:0923/002607.481:ERROR:cast_crl.cc(443)] CRL - Verification failed.
[9780:684:0923/002640.815:ERROR:cast_crl.cc(443)] CRL - Verification failed.
[9780:684:0923/002734.499:ERROR:cast_crl.cc(443)] CRL - Verification failed.
[9780:684:0923/002819.834:ERROR:cast_crl.cc(443)] CRL - Verification failed.
[9780:684:0923/002851.498:ERROR:cast_crl.cc(443)] CRL - Verification failed.
[9780:684:0923/002955.292:ERROR:cast_crl.cc(443)] CRL - Verification failed.
[9780:684:0923/003030.853:ERROR:cast_crl.cc(443)] CRL - Verification failed.
[9780:684:0923/003203.536:ERROR:cast_crl.cc(443)] CRL - Verification failed.
[9780:684:0923/003249.545:ERROR:cast_crl.cc(443)] CRL - Verification failed.
[9780:684:0923/003354.562:ERROR:cast_crl.cc(443)] CRL - Verification failed.
[9780:684:0923/003426.902:ERROR:cast_crl.cc(443)] CRL - Verification failed.
[9780:684:0923/003503.237:ERROR:cast_crl.cc(443)] CRL - Verification failed.
[9780:684:0923/003606.918:ERROR:cast_crl.cc(443)] CRL - Verification failed.
[9780:684:0923/003653.607:ERROR:cast_crl.cc(443)] CRL - Verification failed.
[9780:684:0923/003728.037:ERROR:cast_crl.cc(443)] CRL - Verification failed.
[9780:684:0923/003822.606:ERROR:cast_crl.cc(443)] CRL - Verification failed.
[9780:684:0923/003854.950:ERROR:cast_crl.cc(443)] CRL - Verification failed.
[9780:684:0923/003940.286:ERROR:cast_crl.cc(443)] CRL - Verification failed.
[9780:684:0923/004103.306:ERROR:cast_crl.cc(443)] CRL - Verification failed.
[9780:684:0923/004149.643:ERROR:cast_crl.cc(443)] CRL - Verification failed.
[9780:684:0923/004251.322:ERROR:cast_crl.cc(443)] CRL - Verification failed.
[9780:684:0923/004336.338:ERROR:cast_crl.cc(443)] CRL - Verification failed.
[9780:684:0923/004443.013:ERROR:cast_crl.cc(443)] CRL - Verification failed.
[9780:684:0923/004536.013:ERROR:cast_crl.cc(443)] CRL - Verification failed.
[9780:684:0923/004706.698:ERROR:cast_crl.cc(443)] CRL - Verification failed.
[9780:684:0923/004749.380:ERROR:cast_crl.cc(443)] CRL - Verification failed.
[9780:684:0923/004853.379:ERROR:cast_crl.cc(443)] CRL - Verification failed.
[9780:684:0923/004938.722:ERROR:cast_crl.cc(443)] CRL - Verification failed.
[9780:684:0923/005025.103:ERROR:cast_crl.cc(443)] CRL - Verification failed.
[9780:684:0923/005134.593:ERROR:cast_crl.cc(443)] CRL - Verification failed.
[9780:684:0923/005209.412:ERROR:cast_crl.cc(443)] CRL - Verification failed.
[9780:684:0923/005309.091:ERROR:cast_crl.cc(443)] CRL - Verification failed.
[9780:684:0923/005356.438:ERROR:cast_crl.cc(443)] CRL - Verification failed.
[9780:684:0923/005511.108:ERROR:cast_crl.cc(443)] CRL - Verification failed.
[9780:684:0923/005602.456:ERROR:cast_crl.cc(443)] CRL - Verification failed.
[9780:684:0923/005632.129:ERROR:cast_crl.cc(443)] CRL - Verification failed.
[9780:684:0923/005739.808:ERROR:cast_crl.cc(443)] CRL - Verification failed.
[9780:684:0923/005823.818:ERROR:cast_crl.cc(443)] CRL - Verification failed.
[9780:684:0923/005956.503:ERROR:cast_crl.cc(443)] CRL - Verification failed.
[9780:684:0923/010042.510:ERROR:cast_crl.cc(443)] CRL - Verification failed.
[9780:684:0923/010144.190:ERROR:cast_crl.cc(443)] CRL - Verification failed.
[9780:684:0923/010229.198:ERROR:cast_crl.cc(443)] CRL - Verification failed.
[9780:684:0923/010342.203:ERROR:cast_crl.cc(443)] CRL - Verification failed.
[9780:684:0923/010440.878:ERROR:cast_crl.cc(443)] CRL - Verification failed.
[9780:684:0923/010545.229:ERROR:cast_crl.cc(443)] CRL - Verification failed.
[9780:684:0923/010617.706:ERROR:cast_crl.cc(443)] CRL - Verification failed.
[9780:684:0923/010652.229:ERROR:cast_crl.cc(443)] CRL - Verification failed.
[9780:684:0923/010812.915:ERROR:cast_crl.cc(443)] CRL - Verification failed.
[9780:684:0923/010858.922:ERROR:cast_crl.cc(443)] CRL - Verification failed.
[9780:684:0923/011002.932:ERROR:cast_crl.cc(443)] CRL - Verification failed.
[9780:684:0923/011037.599:ERROR:cast_crl.cc(443)] CRL - Verification failed.
[9780:684:0923/011109.939:ERROR:cast_crl.cc(443)] CRL - Verification failed.
[9780:684:0923/011214.289:ERROR:cast_crl.cc(443)] CRL - Verification failed.
[9780:684:0923/011249.628:ERROR:cast_crl.cc(443)] CRL - Verification failed.
[9780:684:0923/011321.980:ERROR:cast_crl.cc(443)] CRL - Verification failed.
[9780:684:0923/011425.980:ERROR:cast_crl.cc(443)] CRL - Verification failed.
[9780:684:0923/011458.980:ERROR:cast_crl.cc(443)] CRL - Verification failed.
[9780:684:0923/011531.654:ERROR:cast_crl.cc(443)] CRL - Verification failed.
[9780:684:0923/011635.663:ERROR:cast_crl.cc(443)] CRL - Verification failed.
[9780:684:0923/011710.340:ERROR:cast_crl.cc(443)] CRL - Verification failed.
[9780:684:0923/011756.345:ERROR:cast_crl.cc(443)] CRL - Verification failed.
[9780:684:0923/011901.049:ERROR:cast_crl.cc(443)] CRL - Verification failed.
[9780:684:0923/011933.362:ERROR:cast_crl.cc(443)] CRL - Verification failed.
[9780:684:0923/012005.873:ERROR:cast_crl.cc(443)] CRL - Verification failed.
[9780:684:0923/012111.717:ERROR:cast_crl.cc(443)] CRL - Verification failed.
[9780:684:0923/012143.384:ERROR:cast_crl.cc(443)] CRL - Verification failed.
[9780:684:0923/012247.744:ERROR:cast_crl.cc(443)] CRL - Verification failed.
[9780:684:0923/012320.434:ERROR:cast_crl.cc(443)] CRL - Verification failed.
[9780:684:0923/012353.418:ERROR:cast_crl.cc(443)] CRL - Verification failed.
[9780:684:0923/012532.437:ERROR:cast_crl.cc(443)] CRL - Verification failed.
[9780:684:0923/012618.115:ERROR:cast_crl.cc(443)] CRL - Verification failed.
[9780:684:0923/012746.472:ERROR:cast_crl.cc(443)] CRL - Verification failed.
[9780:684:0923/012831.802:ERROR:cast_crl.cc(443)] CRL - Verification failed.
[9780:684:0923/012937.150:ERROR:cast_crl.cc(443)] CRL - Verification failed.
[9780:684:0923/013009.820:ERROR:cast_crl.cc(443)] CRL - Verification failed.
[9780:684:0923/013055.492:ERROR:cast_crl.cc(443)] CRL - Verification failed.
[9780:684:0923/013151.833:ERROR:cast_crl.cc(443)] CRL - Verification failed.
[9780:684:0923/013237.843:ERROR:cast_crl.cc(443)] CRL - Verification failed.
[9780:684:0923/013309.516:ERROR:cast_crl.cc(443)] CRL - Verification failed.
[9780:684:0923/013447.863:ERROR:cast_crl.cc(443)] CRL - Verification failed.
[9780:684:0923/013522.537:ERROR:cast_crl.cc(443)] CRL - Verification failed.
[9780:684:0923/013626.878:ERROR:cast_crl.cc(443)] CRL - Verification failed.
[9780:684:0923/013659.220:ERROR:cast_crl.cc(443)] CRL - Verification failed.
[9780:684:0923/013816.897:ERROR:cast_crl.cc(443)] CRL - Verification failed.
[9780:684:0923/013902.570:ERROR:cast_crl.cc(443)] CRL - Verification failed.
[9780:684:0923/014033.256:ERROR:cast_crl.cc(443)] CRL - Verification failed.
[9780:684:0923/014118.927:ERROR:cast_crl.cc(443)] CRL - Verification failed.
[9780:684:0923/014249.607:ERROR:cast_crl.cc(443)] CRL - Verification failed.
[9780:684:0923/014334.950:ERROR:cast_crl.cc(443)] CRL - Verification failed.
[9780:684:0923/014441.628:ERROR:cast_crl.cc(443)] CRL - Verification failed.
[9780:684:0923/014526.970:ERROR:cast_crl.cc(443)] CRL - Verification failed.
[9780:684:0923/014630.645:ERROR:cast_crl.cc(443)] CRL - Verification failed.
[9780:684:0923/014720.318:ERROR:cast_crl.cc(443)] CRL - Verification failed.
[9780:684:0923/014853.001:ERROR:cast_crl.cc(443)] CRL - Verification failed.
[9780:684:0923/014939.011:ERROR:cast_crl.cc(443)] CRL - Verification failed.
[9780:684:0923/015042.356:ERROR:cast_crl.cc(443)] CRL - Verification failed.
[9780:684:0923/015118.712:ERROR:cast_crl.cc(443)] CRL - Verification failed.
[9780:684:0923/015153.039:ERROR:cast_crl.cc(443)] CRL - Verification failed.
[9780:684:0923/015257.385:ERROR:cast_crl.cc(443)] CRL - Verification failed.
[9780:684:0923/015329.718:ERROR:cast_crl.cc(443)] CRL - Verification failed.
[9780:684:0923/015416.068:ERROR:cast_crl.cc(443)] CRL - Verification failed.
[9780:684:0923/015508.397:ERROR:cast_crl.cc(443)] CRL - Verification failed.
[9780:684:0923/015553.743:ERROR:cast_crl.cc(443)] CRL - Verification failed.
[9780:684:0923/015712.429:ERROR:cast_crl.cc(443)] CRL - Verification failed.
[9780:684:0923/015746.766:ERROR:cast_crl.cc(443)] CRL - Verification failed.
[9780:684:0923/015839.105:ERROR:cast_crl.cc(443)] CRL - Verification failed.
[9780:684:0923/015942.929:ERROR:cast_crl.cc(443)] CRL - Verification failed.
[9780:684:0923/020052.798:ERROR:cast_crl.cc(443)] CRL - Verification failed.
[9780:684:0923/020155.140:ERROR:cast_crl.cc(443)] CRL - Verification failed.
[9780:684:0923/020239.812:ERROR:cast_crl.cc(443)] CRL - Verification failed.
[9780:684:0923/020344.488:ERROR:cast_crl.cc(443)] CRL - Verification failed.
[9780:684:0923/020431.502:ERROR:cast_crl.cc(443)] CRL - Verification failed.
[9780:684:0923/020609.524:ERROR:cast_crl.cc(443)] CRL - Verification failed.
[9780:684:0923/020654.865:ERROR:cast_crl.cc(443)] CRL - Verification failed.
[9780:684:0923/020758.548:ERROR:cast_crl.cc(443)] CRL - Verification failed.
[9780:684:0923/020831.883:ERROR:cast_crl.cc(443)] CRL - Verification failed.
[9780:684:0923/020918.248:ERROR:cast_crl.cc(443)] CRL - Verification failed.
[9780:684:0923/021040.576:ERROR:cast_crl.cc(443)] CRL - Verification failed.
[9780:684:0923/021126.589:ERROR:cast_crl.cc(443)] CRL - Verification failed.
[9780:684:0923/021230.929:ERROR:cast_crl.cc(443)] CRL - Verification failed.
[9780:684:0923/021316.271:ERROR:cast_crl.cc(443)] CRL - Verification failed.
[9780:684:0923/021420.280:ERROR:cast_crl.cc(443)] CRL - Verification failed.
[9780:684:0923/021512.285:ERROR:cast_crl.cc(443)] CRL - Verification failed.
[9780:684:0923/021643.753:ERROR:cast_crl.cc(443)] CRL - Verification failed.
[9780:684:0923/021718.086:ERROR:cast_crl.cc(443)] CRL - Verification failed.
[9780:684:0923/021751.977:ERROR:cast_crl.cc(443)] CRL - Verification failed.
[9780:684:0923/021855.993:ERROR:cast_crl.cc(443)] CRL - Verification failed.
[9780:684:0923/021945.005:ERROR:cast_crl.cc(443)] CRL - Verification failed.
[9780:684:0923/022051.021:ERROR:cast_crl.cc(443)] CRL - Verification failed.
[9780:684:0923/022136.023:ERROR:cast_crl.cc(443)] CRL - Verification failed.
[9780:684:0923/022208.357:ERROR:cast_crl.cc(443)] CRL - Verification failed.
[9780:684:0923/022332.716:ERROR:cast_crl.cc(443)] CRL - Verification failed.
[9780:684:0923/022406.720:ERROR:cast_crl.cc(443)] CRL - Verification failed.
[9780:684:0923/022523.061:ERROR:cast_crl.cc(443)] CRL - Verification failed.
[9780:684:0923/022558.405:ERROR:cast_crl.cc(443)] CRL - Verification failed.
[9780:684:0923/022717.088:ERROR:cast_crl.cc(443)] CRL - Verification failed.
[9780:684:0923/022803.425:ERROR:cast_crl.cc(443)] CRL - Verification failed.
[9780:684:0923/022934.460:ERROR:cast_crl.cc(443)] CRL - Verification failed.
[9780:684:0923/023007.777:ERROR:cast_crl.cc(443)] CRL - Verification failed.
[9780:684:0923/023042.118:ERROR:cast_crl.cc(443)] CRL - Verification failed.
[9780:684:0923/023146.465:ERROR:cast_crl.cc(443)] CRL - Verification failed.
[9780:684:0923/023234.139:ERROR:cast_crl.cc(443)] CRL - Verification failed.
[9780:684:0923/023339.815:ERROR:cast_crl.cc(443)] CRL - Verification failed.
[9780:684:0923/023411.486:ERROR:cast_crl.cc(443)] CRL - Verification failed.
[9780:684:0923/023444.157:ERROR:cast_crl.cc(443)] CRL - Verification failed.
[9780:684:0923/023550.165:ERROR:cast_crl.cc(443)] CRL - Verification failed.
[9780:684:0923/023624.172:ERROR:cast_crl.cc(443)] CRL - Verification failed.
[9780:684:0923/023658.515:ERROR:cast_crl.cc(443)] CRL - Verification failed.
[9780:684:0923/023803.527:ERROR:cast_crl.cc(443)] CRL - Verification failed.
[9780:684:0923/023835.195:ERROR:cast_crl.cc(443)] CRL - Verification failed.
[9780:684:0923/023922.207:ERROR:cast_crl.cc(443)] CRL - Verification failed.
[9780:684:0923/024026.219:ERROR:cast_crl.cc(443)] CRL - Verification failed.
[9780:684:0923/024058.562:ERROR:cast_crl.cc(443)] CRL - Verification failed.
[9780:684:0923/024216.910:ERROR:cast_crl.cc(443)] CRL - Verification failed.
[9780:684:0923/024305.734:ERROR:cast_crl.cc(443)] CRL - Verification failed.
[9780:684:0923/024438.927:ERROR:cast_crl.cc(443)] CRL - Verification failed.
[9780:684:0923/024522.404:ERROR:cast_crl.cc(443)] CRL - Verification failed.
[9780:684:0923/024654.615:ERROR:cast_crl.cc(443)] CRL - Verification failed.
[9780:684:0923/024737.950:ERROR:cast_crl.cc(443)] CRL - Verification failed.
[9780:684:0923/024841.958:ERROR:cast_crl.cc(443)] CRL - Verification failed.
[9780:684:0923/024928.967:ERROR:cast_crl.cc(443)] CRL - Verification failed.
[9780:684:0923/025000.644:ERROR:cast_crl.cc(443)] CRL - Verification failed.
[9780:684:0923/025053.320:ERROR:cast_crl.cc(443)] CRL - Verification failed.
[9780:684:0923/025115.003:ERROR:cast_crl.cc(443)] CRL - Verification failed.
[9780:684:0923/025149.669:ERROR:cast_crl.cc(443)] CRL - Verification failed.
[9780:684:0923/025221.674:ERROR:cast_crl.cc(443)] CRL - Verification failed.
[9780:684:0923/025339.356:ERROR:cast_crl.cc(443)] CRL - Verification failed.
[9780:684:0923/025427.031:ERROR:cast_crl.cc(443)] CRL - Verification failed.
[9780:684:0923/025529.705:ERROR:cast_crl.cc(443)] CRL - Verification failed.
[9780:684:0923/025616.043:ERROR:cast_crl.cc(443)] CRL - Verification failed.
[9780:684:0923/025727.716:ERROR:cast_crl.cc(443)] CRL - Verification failed.
[9780:684:0923/025813.727:ERROR:cast_crl.cc(443)] CRL - Verification failed.
[9780:684:0923/025943.740:ERROR:cast_crl.cc(443)] CRL - Verification failed.
[9780:684:0923/030027.417:ERROR:cast_crl.cc(443)] CRL - Verification failed.
[9780:684:0923/030158.113:ERROR:cast_crl.cc(443)] CRL - Verification failed.
[9780:684:0923/030244.443:ERROR:cast_crl.cc(443)] CRL - Verification failed.
[9780:684:0923/030348.786:ERROR:cast_crl.cc(443)] CRL - Verification failed.
[9780:684:0923/030433.796:ERROR:cast_crl.cc(443)] CRL - Verification failed.
[9780:684:0923/030552.819:ERROR:cast_crl.cc(443)] CRL - Verification failed.
[9780:684:0923/030639.137:ERROR:cast_crl.cc(443)] CRL - Verification failed.
[9780:684:0923/030758.830:ERROR:cast_crl.cc(443)] CRL - Verification failed.
[9780:684:0923/030856.505:ERROR:cast_crl.cc(443)] CRL - Verification failed.
[9780:684:0923/031026.857:ERROR:cast_crl.cc(443)] CRL - Verification failed.
[9780:684:0923/031156.547:ERROR:cast_crl.cc(443)] CRL - Verification failed.
[9780:684:0923/031229.216:ERROR:cast_crl.cc(443)] CRL - Verification failed.
[9780:684:0923/031402.561:ERROR:cast_crl.cc(443)] CRL - Verification failed.
[9780:684:0923/031446.569:ERROR:cast_crl.cc(443)] CRL - Verification failed.
[9780:684:0923/031625.732:ERROR:cast_crl.cc(443)] CRL - Verification failed.
[9780:684:0923/031700.589:ERROR:cast_crl.cc(443)] CRL - Verification failed.
[9780:684:0923/031805.933:ERROR:cast_crl.cc(443)] CRL - Verification failed.
[9780:684:0923/031837.936:ERROR:cast_crl.cc(443)] CRL - Verification failed.
[9780:684:0923/031912.277:ERROR:cast_crl.cc(443)] CRL - Verification failed.
[9780:684:0923/032045.631:ERROR:cast_crl.cc(443)] CRL - Verification failed.
[9780:684:0923/032130.971:ERROR:cast_crl.cc(443)] CRL - Verification failed.
[9780:684:0923/032236.986:ERROR:cast_crl.cc(443)] CRL - Verification failed.
[9780:684:0923/032322.328:ERROR:cast_crl.cc(443)] CRL - Verification failed.
[9780:684:0923/032433.670:ERROR:cast_crl.cc(443)] CRL - Verification failed.
[9780:684:0923/032519.341:ERROR:cast_crl.cc(443)] CRL - Verification failed.
[9780:684:0923/032649.036:ERROR:cast_crl.cc(443)] CRL - Verification failed.
[9780:684:0923/032736.035:ERROR:cast_crl.cc(443)] CRL - Verification failed.
[9780:684:0923/032839.384:ERROR:cast_crl.cc(443)] CRL - Verification failed.
[9780:684:0923/032924.721:ERROR:cast_crl.cc(443)] CRL - Verification failed.
[9780:684:0923/033041.086:ERROR:cast_crl.cc(443)] CRL - Verification failed.
[9780:684:0923/033125.401:ERROR:cast_crl.cc(443)] CRL - Verification failed.
[9780:684:0923/033159.618:ERROR:cast_crl.cc(443)] CRL - Verification failed.
[9780:684:0923/033334.760:ERROR:cast_crl.cc(443)] CRL - Verification failed.
[9780:684:0923/033509.108:ERROR:cast_crl.cc(443)] CRL - Verification failed.
[9780:684:0923/033553.115:ERROR:cast_crl.cc(443)] CRL - Verification failed.
[9780:684:0923/033658.460:ERROR:cast_crl.cc(443)] CRL - Verification failed.
[9780:684:0923/033733.470:ERROR:cast_crl.cc(443)] CRL - Verification failed.
[9780:684:0923/033816.994:ERROR:cast_crl.cc(443)] CRL - Verification failed.
[9780:684:0923/033933.488:ERROR:cast_crl.cc(443)] CRL - Verification failed.
[9780:684:0923/034022.829:ERROR:cast_crl.cc(443)] CRL - Verification failed.
[9780:684:0923/034130.174:ERROR:cast_crl.cc(443)] CRL - Verification failed.
[9780:684:0923/034203.183:ERROR:cast_crl.cc(443)] CRL - Verification failed.
[9780:684:0923/034237.854:ERROR:cast_crl.cc(443)] CRL - Verification failed.
[9780:684:0923/034340.205:ERROR:cast_crl.cc(443)] CRL - Verification failed.
[9780:684:0923/034424.879:ERROR:cast_crl.cc(443)] CRL - Verification failed.
[9780:684:0923/034529.218:ERROR:cast_crl.cc(443)] CRL - Verification failed.
[9780:684:0923/034602.558:ERROR:cast_crl.cc(443)] CRL - Verification failed.
[9780:684:0923/034649.898:ERROR:cast_crl.cc(443)] CRL - Verification failed.
[9780:684:0923/034756.908:ERROR:cast_crl.cc(443)] CRL - Verification failed.
[9780:684:0923/034842.579:ERROR:cast_crl.cc(443)] CRL - Verification failed.
[9780:684:0923/034947.250:ERROR:cast_crl.cc(443)] CRL - Verification failed.
[9780:684:0923/035021.257:ERROR:cast_crl.cc(443)] CRL - Verification failed.
[9780:684:0923/035103.931:ERROR:cast_crl.cc(443)] CRL - Verification failed.
[9780:684:0923/035226.618:ERROR:cast_crl.cc(443)] CRL - Verification failed.
[9780:684:0923/035312.288:ERROR:cast_crl.cc(443)] CRL - Verification failed.
[9780:684:0923/035418.626:ERROR:cast_crl.cc(443)] CRL - Verification failed.
[9780:684:0923/035501.629:ERROR:cast_crl.cc(443)] CRL - Verification failed.
[9780:684:0923/035605.630:ERROR:cast_crl.cc(443)] CRL - Verification failed.
[9780:684:0923/035657.978:ERROR:cast_crl.cc(443)] CRL - Verification failed.
[9780:684:0923/035829.318:ERROR:cast_crl.cc(443)] CRL - Verification failed.
[9780:684:0923/035913.992:ERROR:cast_crl.cc(443)] CRL - Verification failed.
[9780:684:0923/040006.550:ERROR:cast_crl.cc(443)] CRL - Verification failed.
[9780:684:0923/040054.682:ERROR:cast_crl.cc(443)] CRL - Verification failed.
[9780:684:0923/040126.357:ERROR:cast_crl.cc(443)] CRL - Verification failed.
[9780:684:0923/040236.028:ERROR:cast_crl.cc(443)] CRL - Verification failed.
[9780:684:0923/040316.039:ERROR:cast_crl.cc(443)] CRL - Verification failed.
[9780:684:0923/040350.721:ERROR:cast_crl.cc(443)] CRL - Verification failed.
[9780:684:0923/040445.056:ERROR:cast_crl.cc(443)] CRL - Verification failed.
[9780:684:0923/040517.392:ERROR:cast_crl.cc(443)] CRL - Verification failed.
[9780:684:0923/040552.060:ERROR:cast_crl.cc(443)] CRL - Verification failed.
[9780:684:0923/040655.741:ERROR:cast_crl.cc(443)] CRL - Verification failed.
[9780:684:0923/040728.746:ERROR:cast_crl.cc(443)] CRL - Verification failed.
[9780:684:0923/040812.940:ERROR:cast_crl.cc(443)] CRL - Verification failed.
[9780:684:0923/040917.767:ERROR:cast_crl.cc(443)] CRL - Verification failed.
[9780:684:0923/041002.570:ERROR:cast_crl.cc(443)] CRL - Verification failed.
[9780:684:0923/041108.791:ERROR:cast_crl.cc(443)] CRL - Verification failed.
[9780:684:0923/041154.128:ERROR:cast_crl.cc(443)] CRL - Verification failed.
[9780:684:0923/041331.139:ERROR:cast_crl.cc(443)] CRL - Verification failed.
[9780:684:0923/041417.152:ERROR:cast_crl.cc(443)] CRL - Verification failed.
[9780:684:0923/041522.489:ERROR:cast_crl.cc(443)] CRL - Verification failed.
[9780:684:0923/041606.832:ERROR:cast_crl.cc(443)] CRL - Verification failed.
[9780:684:0923/041722.179:ERROR:cast_crl.cc(443)] CRL - Verification failed.
[9780:684:0923/041758.519:ERROR:cast_crl.cc(443)] CRL - Verification failed.
[9780:684:0923/041846.862:ERROR:cast_crl.cc(443)] CRL - Verification failed.
[9780:684:0923/041949.601:ERROR:cast_crl.cc(443)] CRL - Verification failed.
[9780:684:0923/042024.208:ERROR:cast_crl.cc(443)] CRL - Verification failed.
[9780:684:0923/042058.886:ERROR:cast_crl.cc(443)] CRL - Verification failed.
[9780:684:0923/042203.229:ERROR:cast_crl.cc(443)] CRL - Verification failed.
[9780:684:0923/042237.575:ERROR:cast_crl.cc(443)] CRL - Verification failed.
[9780:684:0923/042309.910:ERROR:cast_crl.cc(443)] CRL - Verification failed.
[9780:684:0923/042416.250:ERROR:cast_crl.cc(443)] CRL - Verification failed.
[9780:684:0923/042448.591:ERROR:cast_crl.cc(443)] CRL - Verification failed.
[9780:684:0923/042523.258:ERROR:cast_crl.cc(443)] CRL - Verification failed.
[9780:684:0923/042627.603:ERROR:cast_crl.cc(443)] CRL - Verification failed.
[9780:684:0923/042701.277:ERROR:cast_crl.cc(443)] CRL - Verification failed.
[9780:684:0923/042832.959:ERROR:cast_crl.cc(443)] CRL - Verification failed.
[9780:684:0923/042907.295:ERROR:cast_crl.cc(443)] CRL - Verification failed.
[9780:684:0923/042941.974:ERROR:cast_crl.cc(443)] CRL - Verification failed.
[9780:684:0923/043046.651:ERROR:cast_crl.cc(443)] CRL - Verification failed.
[9780:684:0923/043131.317:ERROR:cast_crl.cc(443)] CRL - Verification failed.
[9780:684:0923/043235.333:ERROR:cast_crl.cc(443)] CRL - Verification failed.
[9780:684:0923/043308.672:ERROR:cast_crl.cc(443)] CRL - Verification failed.
[9780:684:0923/043356.347:ERROR:cast_crl.cc(443)] CRL - Verification failed.
[9780:684:0923/043518.455:ERROR:cast_crl.cc(443)] CRL - Verification failed.
[9780:684:0923/043604.701:ERROR:cast_crl.cc(443)] CRL - Verification failed.
[9780:684:0923/043708.714:ERROR:cast_crl.cc(443)] CRL - Verification failed.
[9780:684:0923/043907.552:ERROR:cast_crl.cc(443)] CRL - Verification failed.
[9780:684:0923/043950.068:ERROR:cast_crl.cc(443)] CRL - Verification failed.
[9780:684:0923/044056.081:ERROR:cast_crl.cc(443)] CRL - Verification failed.
[9780:684:0923/044128.423:ERROR:cast_crl.cc(443)] CRL - Verification failed.
[9780:684:0923/044215.769:ERROR:cast_crl.cc(443)] CRL - Verification failed.
[9780:684:0923/044338.129:ERROR:cast_crl.cc(443)] CRL - Verification failed.
[9780:684:0923/044424.780:ERROR:cast_crl.cc(443)] CRL - Verification failed.
[9780:684:0923/044527.120:ERROR:cast_crl.cc(443)] CRL - Verification failed.
[9780:684:0923/044601.484:ERROR:cast_crl.cc(443)] CRL - Verification failed.
[9780:684:0923/044718.136:ERROR:cast_crl.cc(443)] CRL - Verification failed.
[9780:684:0923/044810.479:ERROR:cast_crl.cc(443)] CRL - Verification failed.
[9780:684:0923/044937.176:ERROR:cast_crl.cc(443)] CRL - Verification failed.
[9780:684:0923/045023.502:ERROR:cast_crl.cc(443)] CRL - Verification failed.
[9780:684:0923/045127.846:ERROR:cast_crl.cc(443)] CRL - Verification failed.
[9780:684:0923/045202.523:ERROR:cast_crl.cc(443)] CRL - Verification failed.
[9780:684:0923/045234.205:ERROR:cast_crl.cc(443)] CRL - Verification failed.
[9780:684:0923/045340.205:ERROR:cast_crl.cc(443)] CRL - Verification failed.
[9780:684:0923/045411.882:ERROR:cast_crl.cc(443)] CRL - Verification failed.
[9780:684:0923/045444.548:ERROR:cast_crl.cc(443)] CRL - Verification failed.
[9780:684:0923/045548.962:ERROR:cast_crl.cc(443)] CRL - Verification failed.
[9780:684:0923/045623.569:ERROR:cast_crl.cc(443)] CRL - Verification failed.
[9780:684:0923/045708.247:ERROR:cast_crl.cc(443)] CRL - Verification failed.
[9780:684:0923/045810.589:ERROR:cast_crl.cc(443)] CRL - Verification failed.
[9780:684:0923/045843.257:ERROR:cast_crl.cc(443)] CRL - Verification failed.
[9780:684:0923/045915.781:ERROR:cast_crl.cc(443)] CRL - Verification failed.
[9780:684:0923/050022.612:ERROR:cast_crl.cc(443)] CRL - Verification failed.
[9780:684:0923/050054.282:ERROR:cast_crl.cc(443)] CRL - Verification failed.
[9780:684:0923/050200.311:ERROR:cast_crl.cc(443)] CRL - Verification failed.
[9780:684:0923/050235.299:ERROR:cast_crl.cc(443)] CRL - Verification failed.
[9780:684:0923/050308.981:ERROR:cast_crl.cc(443)] CRL - Verification failed.
[9780:684:0923/050441.654:ERROR:cast_crl.cc(443)] CRL - Verification failed.
[9780:684:0923/050527.327:ERROR:cast_crl.cc(443)] CRL - Verification failed.
[9780:684:0923/050631.354:ERROR:cast_crl.cc(443)] CRL - Verification failed.
[9780:684:0923/050704.029:ERROR:cast_crl.cc(443)] CRL - Verification failed.
[9780:684:0923/050748.694:ERROR:cast_crl.cc(443)] CRL - Verification failed.
[9780:684:0923/050843.369:ERROR:cast_crl.cc(443)] CRL - Verification failed.
[9780:684:0923/050926.042:ERROR:cast_crl.cc(443)] CRL - Verification failed.
[9780:684:0923/051000.707:ERROR:cast_crl.cc(443)] CRL - Verification failed.
[9780:684:0923/051103.069:ERROR:cast_crl.cc(443)] CRL - Verification failed.
[9780:684:0923/051149.404:ERROR:cast_crl.cc(443)] CRL - Verification failed.
[9780:684:0923/051253.077:ERROR:cast_crl.cc(443)] CRL - Verification failed.
[9780:684:0923/051338.412:ERROR:cast_crl.cc(443)] CRL - Verification failed.
[9780:684:0923/051514.113:ERROR:cast_crl.cc(443)] CRL - Verification failed.
[9780:684:0923/051602.767:ERROR:cast_crl.cc(443)] CRL - Verification failed.
[9780:684:0923/051655.110:ERROR:cast_crl.cc(443)] CRL - Verification failed.
[9780:684:0923/051728.121:ERROR:cast_crl.cc(443)] CRL - Verification failed.
[9780:684:0923/051816.233:ERROR:cast_crl.cc(443)] CRL - Verification failed.
[9780:684:0923/051920.593:ERROR:cast_crl.cc(443)] CRL - Verification failed.
[9780:684:0923/051956.179:ERROR:cast_crl.cc(443)] CRL - Verification failed.
[9780:684:0923/052028.480:ERROR:cast_crl.cc(443)] CRL - Verification failed.
[9780:684:0923/070045.848:ERROR:cast_crl.cc(443)] CRL - Verification failed.
[9780:684:0923/070129.527:ERROR:cast_crl.cc(443)] CRL - Verification failed.
[9780:684:0923/070217.188:ERROR:cast_crl.cc(443)] CRL - Verification failed.
[9780:684:0923/070250.196:ERROR:cast_crl.cc(443)] CRL - Verification failed.
[9780:684:0923/070349.886:ERROR:cast_crl.cc(443)] CRL - Verification failed.
[9780:684:0923/070422.557:ERROR:cast_crl.cc(443)] CRL - Verification failed.
[9780:684:0923/070446.251:ERROR:cast_crl.cc(443)] CRL - Verification failed.
[9780:684:0923/070621.251:ERROR:cast_crl.cc(443)] CRL - Verification failed.
[9780:684:0923/070653.933:ERROR:cast_crl.cc(443)] CRL - Verification failed.
[9780:684:0923/070715.599:ERROR:cast_crl.cc(443)] CRL - Verification failed.
[9780:684:0923/070748.361:ERROR:cast_crl.cc(443)] CRL - Verification failed.
[9780:684:0923/070841.283:ERROR:cast_crl.cc(443)] CRL - Verification failed.
[9780:684:0923/070916.285:ERROR:cast_crl.cc(443)] CRL - Verification failed.
[9780:684:0923/070948.951:ERROR:cast_crl.cc(443)] CRL - Verification failed.
[9780:684:0923/071052.971:ERROR:cast_crl.cc(443)] CRL - Verification failed.
[9780:684:0923/071125.449:ERROR:cast_crl.cc(443)] CRL - Verification failed.
[9780:684:0923/071218.309:ERROR:cast_crl.cc(443)] CRL - Verification failed.
[9780:684:0923/071253.020:ERROR:cast_crl.cc(443)] CRL - Verification failed.
[9780:684:0923/071327.660:ERROR:cast_crl.cc(443)] CRL - Verification failed.
[9780:684:0923/071431.333:ERROR:cast_crl.cc(443)] CRL - Verification failed.
[9780:684:0923/071504.340:ERROR:cast_crl.cc(443)] CRL - Verification failed.
[9780:684:0923/071537.008:ERROR:cast_crl.cc(443)] CRL - Verification failed.
[9780:684:0923/071643.019:ERROR:cast_crl.cc(443)] CRL - Verification failed.
[9780:684:0923/071715.470:ERROR:cast_crl.cc(443)] CRL - Verification failed.
[9780:684:0923/071739.031:ERROR:cast_crl.cc(443)] CRL - Verification failed.
[9780:684:0923/071813.717:ERROR:cast_crl.cc(443)] CRL - Verification failed.
[9780:684:0923/071906.839:ERROR:cast_crl.cc(443)] CRL - Verification failed.
[9780:684:0923/071939.398:ERROR:cast_crl.cc(443)] CRL - Verification failed.
[9780:684:0923/072012.388:ERROR:cast_crl.cc(443)] CRL - Verification failed.
[9780:684:0923/072115.859:ERROR:cast_crl.cc(443)] CRL - Verification failed.
[9780:684:0923/072137.406:ERROR:cast_crl.cc(443)] CRL - Verification failed.
[9780:684:0923/072210.419:ERROR:cast_crl.cc(443)] CRL - Verification failed.
[9780:684:0923/072243.083:ERROR:cast_crl.cc(443)] CRL - Verification failed.
[9780:684:0923/072407.101:ERROR:cast_crl.cc(443)] CRL - Verification failed.
[9780:684:0923/072430.770:ERROR:cast_crl.cc(443)] CRL - Verification failed.
[9780:684:0923/072505.452:ERROR:cast_crl.cc(443)] CRL - Verification failed.
[9780:684:0923/072537.715:ERROR:cast_crl.cc(443)] CRL - Verification failed.
[9780:684:0923/072632.463:ERROR:cast_crl.cc(443)] CRL - Verification failed.
[9780:684:0923/072705.150:ERROR:cast_crl.cc(443)] CRL - Verification failed.
[9780:684:0923/072738.137:ERROR:cast_crl.cc(443)] CRL - Verification failed.
[9780:684:0923/072844.151:ERROR:cast_crl.cc(443)] CRL - Verification failed.
[9780:684:0923/072928.490:ERROR:cast_crl.cc(443)] CRL - Verification failed.
[9780:684:0923/072952.163:ERROR:cast_crl.cc(443)] CRL - Verification failed.
[9780:684:0923/073056.504:ERROR:cast_crl.cc(443)] CRL - Verification failed.
[9780:684:0923/073129.180:ERROR:cast_crl.cc(443)] CRL - Verification failed.
[9780:684:0923/073152.848:ERROR:cast_crl.cc(443)] CRL - Verification failed.
[9780:684:0923/073308.869:ERROR:cast_crl.cc(443)] CRL - Verification failed.
[9780:684:0923/073341.365:ERROR:cast_crl.cc(443)] CRL - Verification failed.
[9780:684:0923/073402.872:ERROR:cast_crl.cc(443)] CRL - Verification failed.
[9780:684:0923/073424.530:ERROR:cast_crl.cc(443)] CRL - Verification failed.
[9780:684:0923/073528.546:ERROR:cast_crl.cc(443)] CRL - Verification failed.
[9780:684:0923/073601.221:ERROR:cast_crl.cc(443)] CRL - Verification failed.
[9780:684:0923/073622.882:ERROR:cast_crl.cc(443)] CRL - Verification failed.
[9780:684:0923/073655.739:ERROR:cast_crl.cc(443)] CRL - Verification failed.
[9780:684:0923/073747.920:ERROR:cast_crl.cc(443)] CRL - Verification failed.
[9780:684:0923/073809.611:ERROR:cast_crl.cc(443)] CRL - Verification failed.
[9780:684:0923/073843.389:ERROR:cast_crl.cc(443)] CRL - Verification failed.
[9780:684:0923/073915.578:ERROR:cast_crl.cc(443)] CRL - Verification failed.
[9780:684:0923/074007.922:ERROR:cast_crl.cc(443)] CRL - Verification failed.
[9780:684:0923/074040.926:ERROR:cast_crl.cc(443)] CRL - Verification failed.
[9780:684:0923/074127.619:ERROR:cast_crl.cc(443)] CRL - Verification failed.
[9780:684:0923/074220.285:ERROR:cast_crl.cc(443)] CRL - Verification failed.
[9780:684:0923/074252.998:ERROR:cast_crl.cc(443)] CRL - Verification failed.
[9780:684:0923/074317.316:ERROR:cast_crl.cc(443)] CRL - Verification failed.
[9780:684:0923/074350.204:ERROR:cast_crl.cc(443)] CRL - Verification failed.
[9780:684:0923/074455.884:ERROR:cast_crl.cc(443)] CRL - Verification failed.
[9780:684:0923/074517.180:ERROR:cast_crl.cc(443)] CRL - Verification failed.
[9780:684:0923/074540.886:ERROR:cast_crl.cc(443)] CRL - Verification failed.
[9780:684:0923/074615.656:ERROR:cast_crl.cc(443)] CRL - Verification failed.
[9780:684:0923/074720.009:ERROR:cast_crl.cc(443)] CRL - Verification failed.
[9780:684:0923/074812.668:ERROR:cast_crl.cc(443)] CRL - Verification failed.
[9780:684:0923/074918.678:ERROR:cast_crl.cc(443)] CRL - Verification failed.
[9780:684:0923/075022.737:ERROR:cast_crl.cc(443)] CRL - Verification failed.
[9780:684:0923/075046.368:ERROR:cast_crl.cc(443)] CRL - Verification failed.
[9780:684:0923/075119.042:ERROR:cast_crl.cc(443)] CRL - Verification failed.
[9780:684:0923/075142.710:ERROR:cast_crl.cc(443)] CRL - Verification failed.
[9780:684:0923/075248.739:ERROR:cast_crl.cc(443)] CRL - Verification failed.
[9780:684:0923/075321.409:ERROR:cast_crl.cc(443)] CRL - Verification failed.
[9780:684:0923/075354.610:ERROR:cast_crl.cc(443)] CRL - Verification failed.
[9780:684:0923/075449.410:ERROR:cast_crl.cc(443)] CRL - Verification failed.
[9780:684:0923/075522.098:ERROR:cast_crl.cc(443)] CRL - Verification failed.
[9780:684:0923/075543.744:ERROR:cast_crl.cc(443)] CRL - Verification failed.
[9780:684:0923/075618.766:ERROR:cast_crl.cc(443)] CRL - Verification failed.
[9780:684:0923/075725.094:ERROR:cast_crl.cc(443)] CRL - Verification failed.
[9780:684:0923/075758.366:ERROR:cast_crl.cc(443)] CRL - Verification failed.
[9780:684:0923/075832.765:ERROR:cast_crl.cc(443)] CRL - Verification failed.
[9780:684:0923/075938.782:ERROR:cast_crl.cc(443)] CRL - Verification failed.
[9780:684:0923/080011.561:ERROR:cast_crl.cc(443)] CRL - Verification failed.
[9780:684:0923/080033.416:ERROR:cast_crl.cc(443)] CRL - Verification failed.
[9780:684:0923/080105.990:ERROR:cast_crl.cc(443)] CRL - Verification failed.
[9780:684:0923/080227.530:ERROR:cast_crl.cc(443)] CRL - Verification failed.
[9780:684:0923/080300.805:ERROR:cast_crl.cc(443)] CRL - Verification failed.
[9780:684:0923/080404.618:ERROR:cast_crl.cc(443)] CRL - Verification failed.
[9780:684:0923/080426.174:ERROR:cast_crl.cc(443)] CRL - Verification failed.
[9780:684:0923/080517.366:ERROR:cast_crl.cc(443)] CRL - Verification failed.
[9780:684:0923/080605.189:ERROR:cast_crl.cc(443)] CRL - Verification failed.
[9780:684:0923/080629.167:ERROR:cast_crl.cc(443)] CRL - Verification failed.
[9780:684:0923/080701.861:ERROR:cast_crl.cc(443)] CRL - Verification failed.
[9780:684:0923/080723.524:ERROR:cast_crl.cc(443)] CRL - Verification failed.
[9780:684:0923/080756.217:ERROR:cast_crl.cc(443)] CRL - Verification failed.
[9780:684:0923/080850.539:ERROR:cast_crl.cc(443)] CRL - Verification failed.
[9780:684:0923/080923.212:ERROR:cast_crl.cc(443)] CRL - Verification failed.
[9780:684:0923/080944.889:ERROR:cast_crl.cc(443)] CRL - Verification failed.
[9780:684:0923/081017.887:ERROR:cast_crl.cc(443)] CRL - Verification failed.
[9780:684:0923/081110.900:ERROR:cast_crl.cc(443)] CRL - Verification failed.
[9780:684:0923/081143.584:ERROR:cast_crl.cc(443)] CRL - Verification failed.
[9780:684:0923/081216.570:ERROR:cast_crl.cc(443)] CRL - Verification failed.
[9780:684:0923/081332.932:ERROR:cast_crl.cc(443)] CRL - Verification failed.
[9780:684:0923/081356.592:ERROR:cast_crl.cc(443)] CRL - Verification failed.
[9780:684:0923/081431.272:ERROR:cast_crl.cc(443)] CRL - Verification failed.
[9780:684:0923/081534.601:ERROR:cast_crl.cc(443)] CRL - Verification failed.
[9780:684:0923/081609.280:ERROR:cast_crl.cc(443)] CRL - Verification failed.
[9780:684:0923/081642.284:ERROR:cast_crl.cc(443)] CRL - Verification failed.
[9780:684:0923/081746.629:ERROR:cast_crl.cc(443)] CRL - Verification failed.
[9780:684:0923/081819.302:ERROR:cast_crl.cc(443)] CRL - Verification failed.
[9780:684:0923/081852.332:ERROR:cast_crl.cc(443)] CRL - Verification failed.
[9780:684:0923/081956.660:ERROR:cast_crl.cc(443)] CRL - Verification failed.
[9780:684:0923/082040.882:ERROR:cast_crl.cc(443)] CRL - Verification failed.
[9780:684:0923/082102.363:ERROR:cast_crl.cc(443)] CRL - Verification failed.
[9780:684:0923/082208.345:ERROR:cast_crl.cc(443)] CRL - Verification failed.
[9780:684:0923/082241.021:ERROR:cast_crl.cc(443)] CRL - Verification failed.
[9780:684:0923/082316.336:ERROR:cast_crl.cc(443)] CRL - Verification failed.
[9780:684:0923/082423.292:ERROR:cast_crl.cc(443)] CRL - Verification failed.
[9780:684:0923/082509.752:ERROR:cast_crl.cc(443)] CRL - Verification failed.
[9780:684:0923/082544.384:ERROR:cast_crl.cc(443)] CRL - Verification failed.
[9780:684:0923/082638.099:ERROR:cast_crl.cc(443)] CRL - Verification failed.
[9780:684:0923/082713.139:ERROR:cast_crl.cc(443)] CRL - Verification failed.
[9780:684:0923/082746.104:ERROR:cast_crl.cc(443)] CRL - Verification failed.
[9780:684:0923/082850.091:ERROR:cast_crl.cc(443)] CRL - Verification failed.
[9780:684:0923/082911.756:ERROR:cast_crl.cc(443)] CRL - Verification failed.
[9780:684:0923/082944.775:ERROR:cast_crl.cc(443)] CRL - Verification failed.
[9780:684:0923/083017.433:ERROR:cast_crl.cc(443)] CRL - Verification failed.
[9780:684:0923/083110.202:ERROR:cast_crl.cc(443)] CRL - Verification failed.
[9780:684:0923/083146.740:ERROR:cast_crl.cc(443)] CRL - Verification failed.
[9780:684:0923/083219.451:ERROR:cast_crl.cc(443)] CRL - Verification failed.
[9780:684:0923/083323.469:ERROR:cast_crl.cc(443)] CRL - Verification failed.
[9780:684:0923/083356.152:ERROR:cast_crl.cc(443)] CRL - Verification failed.
[9780:684:0923/083419.822:ERROR:cast_crl.cc(443)] CRL - Verification failed.
[9780:684:0923/083452.497:ERROR:cast_crl.cc(443)] CRL - Verification failed.
[9780:684:0923/083549.836:ERROR:cast_crl.cc(443)] CRL - Verification failed.
[9780:684:0923/083611.491:ERROR:cast_crl.cc(443)] CRL - Verification failed.
[9780:684:0923/083646.495:ERROR:cast_crl.cc(443)] CRL - Verification failed.
[9780:684:0923/083815.506:ERROR:cast_crl.cc(443)] CRL - Verification failed.
[9780:684:0923/083900.185:ERROR:cast_crl.cc(443)] CRL - Verification failed.
[9780:684:0923/084006.191:ERROR:cast_crl.cc(443)] CRL - Verification failed.
[9780:684:0923/084050.863:ERROR:cast_crl.cc(443)] CRL - Verification failed.
[9780:17604:0923/121936.090:ERROR:device_event_log_impl.cc(196)] [12:19:36.084] USB: usb_service_win.cc:105 SetupDiGetDeviceProperty({{A45C254E-DF1C-4EFD-8020-67D146A850E0}, 6}) failed: Element not found. (0x490)
[9780:17604:0923/121938.132:ERROR:device_event_log_impl.cc(196)] [12:19:38.085] USB: usb_service_win.cc:515 Failed to add device interface: \\.\pipe\hid#vid_045e&pid_028e&ig_00#057e&2009&000098b6e91e2ede#0#9780: Error (0x13D) while retrieving error. (0xE0000225)
[9780:684:0923/122537.676:ERROR:cast_crl.cc(443)] CRL - Verification failed.
[9780:684:0923/122545.998:ERROR:cast_crl.cc(443)] CRL - Verification failed.
[9780:684:0923/122554.070:ERROR:cast_crl.cc(443)] CRL - Verification failed.
[9780:684:0923/122555.612:ERROR:cast_crl.cc(443)] CRL - Verification failed.
[9780:684:0923/122602.302:ERROR:cast_crl.cc(443)] CRL - Verification failed.
[9780:684:0923/122608.358:ERROR:cast_crl.cc(443)] CRL - Verification failed.
[9780:684:0923/122621.163:ERROR:cast_crl.cc(443)] CRL - Verification failed.
[9780:684:0923/122632.016:ERROR:cast_crl.cc(443)] CRL - Verification failed.
[9780:684:0923/122722.655:ERROR:cast_crl.cc(443)] CRL - Verification failed.
[9780:684:0923/122723.346:ERROR:cast_crl.cc(443)] CRL - Verification failed.
[9780:684:0923/122731.825:ERROR:cast_crl.cc(443)] CRL - Verification failed.
[9780:684:0923/122747.282:ERROR:cast_crl.cc(443)] CRL - Verification failed.
[9780:684:0923/124722.817:ERROR:cast_crl.cc(443)] CRL - Verification failed.
[9780:684:0923/124723.499:ERROR:cast_crl.cc(443)] CRL - Verification failed.
[9780:684:0923/124736.816:ERROR:cast_crl.cc(443)] CRL - Verification failed.
[9780:684:0923/124745.281:ERROR:cast_crl.cc(443)] CRL - Verification failed.
[9780:684:0923/130322.882:ERROR:cast_crl.cc(443)] CRL - Verification failed.
[9780:684:0923/130323.716:ERROR:cast_crl.cc(443)] CRL - Verification failed.
[9780:684:0923/130336.308:ERROR:cast_crl.cc(443)] CRL - Verification failed.
[9780:684:0923/130347.971:ERROR:cast_crl.cc(443)] CRL - Verification failed.
[9780:684:0923/160855.814:ERROR:cast_crl.cc(443)] CRL - Verification failed.
[9780:684:0923/160857.870:ERROR:cast_crl.cc(443)] CRL - Verification failed.
[9780:684:0923/160907.948:ERROR:cast_crl.cc(443)] CRL - Verification failed.
[9780:684:0923/160922.551:ERROR:cast_crl.cc(443)] CRL - Verification failed.
[9780:684:0923/160922.882:ERROR:cast_crl.cc(443)] CRL - Verification failed.
[9780:684:0923/161522.879:ERROR:cast_crl.cc(443)] CRL - Verification failed.
[9780:684:0923/161523.552:ERROR:cast_crl.cc(443)] CRL - Verification failed.
[9780:684:0923/161534.009:ERROR:cast_crl.cc(443)] CRL - Verification failed.
[9780:684:0923/161548.178:ERROR:cast_crl.cc(443)] CRL - Verification failed.
[9780:684:0923/162522.594:ERROR:cast_crl.cc(443)] CRL - Verification failed.
[9780:684:0923/162523.406:ERROR:cast_crl.cc(443)] CRL - Verification failed.
[9780:684:0923/162533.025:ERROR:cast_crl.cc(443)] CRL - Verification failed.
[9780:684:0923/162547.602:ERROR:cast_crl.cc(443)] CRL - Verification failed.
[9780:684:0923/163922.735:ERROR:cast_crl.cc(443)] CRL - Verification failed.
[9780:684:0923/163923.488:ERROR:cast_crl.cc(443)] CRL - Verification failed.
[9780:684:0923/163937.124:ERROR:cast_crl.cc(443)] CRL - Verification failed.
[9780:684:0923/163946.485:ERROR:cast_crl.cc(443)] CRL - Verification failed.
[9780:684:0923/164826.427:ERROR:cast_crl.cc(443)] CRL - Verification failed.
[9780:684:0923/164827.165:ERROR:cast_crl.cc(443)] CRL - Verification failed.
[9780:684:0923/164834.791:ERROR:cast_crl.cc(443)] CRL - Verification failed.
[9780:684:0923/164839.464:ERROR:cast_crl.cc(443)] CRL - Verification failed.
[9780:684:0923/164848.888:ERROR:cast_crl.cc(443)] CRL - Verification failed.
[9780:684:0923/164857.513:ERROR:cast_crl.cc(443)] CRL - Verification failed.
[9780:684:0923/165444.261:ERROR:cast_crl.cc(443)] CRL - Verification failed.
[9780:684:0923/165458.386:ERROR:cast_crl.cc(443)] CRL - Verification failed.
[9780:684:0923/165523.624:ERROR:cast_crl.cc(443)] CRL - Verification failed.
[9780:684:0923/165524.246:ERROR:cast_crl.cc(443)] CRL - Verification failed.
[9780:684:0923/165539.281:ERROR:cast_crl.cc(443)] CRL - Verification failed.
[9780:684:0923/165541.121:ERROR:cast_crl.cc(443)] CRL - Verification failed.
[9780:684:0923/165550.571:ERROR:cast_crl.cc(443)] CRL - Verification failed.
[9780:684:0923/165603.622:ERROR:cast_crl.cc(443)] CRL - Verification failed.
[9780:684:0923/171522.816:ERROR:cast_crl.cc(443)] CRL - Verification failed.
[9780:684:0923/171523.498:ERROR:cast_crl.cc(443)] CRL - Verification failed.
[9780:684:0923/171536.777:ERROR:cast_crl.cc(443)] CRL - Verification failed.
[9780:684:0923/171547.113:ERROR:cast_crl.cc(443)] CRL - Verification failed.
[9780:684:0923/172428.548:ERROR:cast_crl.cc(443)] CRL - Verification failed.
[9780:684:0923/173007.608:ERROR:cast_crl.cc(443)] CRL - Verification failed.
[9780:684:0923/173328.958:ERROR:cast_crl.cc(443)] CRL - Verification failed.
[9780:684:0923/173649.361:ERROR:cast_crl.cc(443)] CRL - Verification failed.
[9780:684:0923/173842.736:ERROR:cast_crl.cc(443)] CRL - Verification failed.
[9780:684:0923/174122.695:ERROR:cast_crl.cc(443)] CRL - Verification failed.
[9780:684:0923/174123.042:ERROR:cast_crl.cc(443)] CRL - Verification failed.
[9780:684:0923/174138.796:ERROR:cast_crl.cc(443)] CRL - Verification failed.
[9780:684:0923/174153.075:ERROR:cast_crl.cc(443)] CRL - Verification failed.
[9780:684:0923/174928.094:ERROR:cast_crl.cc(443)] CRL - Verification failed.
[9780:684:0923/174928.767:ERROR:cast_crl.cc(443)] CRL - Verification failed.
[9780:684:0923/174940.433:ERROR:cast_crl.cc(443)] CRL - Verification failed.
[9780:684:0923/174949.093:ERROR:cast_crl.cc(443)] CRL - Verification failed.
[9780:684:0923/175717.874:ERROR:cast_crl.cc(443)] CRL - Verification failed.
[9780:684:0923/175800.866:ERROR:cast_crl.cc(443)] CRL - Verification failed.
[9780:684:0923/175931.465:ERROR:cast_crl.cc(443)] CRL - Verification failed.
[9780:684:0923/181540.122:ERROR:cast_crl.cc(443)] CRL - Verification failed.
[9780:684:0923/181756.047:ERROR:cast_crl.cc(443)] CRL - Verification failed.
[9780:684:0923/182745.086:ERROR:cast_crl.cc(443)] CRL - Verification failed.
[9780:684:0923/182830.004:ERROR:cast_crl.cc(443)] CRL - Verification failed.
[9780:684:0923/183436.912:ERROR:cast_crl.cc(443)] CRL - Verification failed.
[9780:684:0923/183521.232:ERROR:cast_crl.cc(443)] CRL - Verification failed.
[9780:684:0923/183822.974:ERROR:cast_crl.cc(443)] CRL - Verification failed.
[9780:684:0923/183908.295:ERROR:cast_crl.cc(443)] CRL - Verification failed.
[9780:684:0923/184101.506:ERROR:cast_crl.cc(443)] CRL - Verification failed.
[9780:684:0923/184315.278:ERROR:cast_crl.cc(443)] CRL - Verification failed.
[9780:684:0923/184533.205:ERROR:cast_crl.cc(443)] CRL - Verification failed.
[9780:684:0923/184703.862:ERROR:cast_crl.cc(443)] CRL - Verification failed.
[9780:684:0923/185052.759:ERROR:cast_crl.cc(443)] CRL - Verification failed.
[9780:684:0923/185139.099:ERROR:cast_crl.cc(443)] CRL - Verification failed.
[9780:684:0923/185309.347:ERROR:cast_crl.cc(443)] CRL - Verification failed.
[9780:684:0923/185457.012:ERROR:cast_crl.cc(443)] CRL - Verification failed.
[9780:684:0923/185656.496:ERROR:cast_crl.cc(443)] CRL - Verification failed.
[9780:684:0923/185837.740:ERROR:cast_crl.cc(443)] CRL - Verification failed.
[9780:684:0923/185925.957:ERROR:cast_crl.cc(443)] CRL - Verification failed.
[9780:684:0923/190040.435:ERROR:cast_crl.cc(443)] CRL - Verification failed.
[9780:684:0923/190126.527:ERROR:cast_crl.cc(443)] CRL - Verification failed.
[9780:684:0923/190256.369:ERROR:cast_crl.cc(443)] CRL - Verification failed.
[9780:684:0923/190441.897:ERROR:cast_crl.cc(443)] CRL - Verification failed.
[9780:684:0923/190532.821:ERROR:cast_crl.cc(443)] CRL - Verification failed.
[9780:684:0923/190705.594:ERROR:cast_crl.cc(443)] CRL - Verification failed.
[9780:684:0923/190827.602:ERROR:cast_crl.cc(443)] CRL - Verification failed.
[9780:684:0923/190916.475:ERROR:cast_crl.cc(443)] CRL - Verification failed.
[9780:684:0923/191005.861:ERROR:cast_crl.cc(443)] CRL - Verification failed.
[9780:684:0923/191049.867:ERROR:cast_crl.cc(443)] CRL - Verification failed.
[9780:684:0923/191219.299:ERROR:cast_crl.cc(443)] CRL - Verification failed.
[9780:684:0923/191301.880:ERROR:cast_crl.cc(443)] CRL - Verification failed.
[9780:684:0923/191405.889:ERROR:cast_crl.cc(443)] CRL - Verification failed.
[9780:684:0923/191450.563:ERROR:cast_crl.cc(443)] CRL - Verification failed.
[9780:684:0923/191607.012:ERROR:cast_crl.cc(443)] CRL - Verification failed.
[9780:684:0923/191653.014:ERROR:cast_crl.cc(443)] CRL - Verification failed.
[9780:684:0923/191812.597:ERROR:cast_crl.cc(443)] CRL - Verification failed.
[9780:684:0923/191858.362:ERROR:cast_crl.cc(443)] CRL - Verification failed.
[9780:684:0923/192036.953:ERROR:cast_crl.cc(443)] CRL - Verification failed.
[9780:684:0923/192204.636:ERROR:cast_crl.cc(443)] CRL - Verification failed.
[9780:684:0923/194009.945:ERROR:cast_crl.cc(443)] CRL - Verification failed.
[9780:684:0923/194140.589:ERROR:cast_crl.cc(443)] CRL - Verification failed.
[9780:684:0923/194214.982:ERROR:cast_crl.cc(443)] CRL - Verification failed.
[9780:684:0923/194334.171:ERROR:cast_crl.cc(443)] CRL - Verification failed.
[9780:684:0923/194420.178:ERROR:cast_crl.cc(443)] CRL - Verification failed.
[9780:684:0923/194524.526:ERROR:cast_crl.cc(443)] CRL - Verification failed.
[9780:684:0923/194627.205:ERROR:cast_crl.cc(443)] CRL - Verification failed.
[9780:684:0923/194733.217:ERROR:cast_crl.cc(443)] CRL - Verification failed.
[9780:684:0923/194805.584:ERROR:cast_crl.cc(443)] CRL - Verification failed.
[9780:684:0923/195018.064:ERROR:cast_crl.cc(443)] CRL - Verification failed.
[9780:684:0923/195233.685:ERROR:cast_crl.cc(443)] CRL - Verification failed.
[9780:684:0923/195352.274:ERROR:cast_crl.cc(443)] CRL - Verification failed.
[9780:684:0923/195439.619:ERROR:cast_crl.cc(443)] CRL - Verification failed.
[9780:684:0923/195611.960:ERROR:cast_crl.cc(443)] CRL - Verification failed.
[9780:684:0923/195655.991:ERROR:cast_crl.cc(443)] CRL - Verification failed.
[9780:684:0923/195849.422:ERROR:cast_crl.cc(443)] CRL - Verification failed.
[9780:684:0923/200006.678:ERROR:cast_crl.cc(443)] CRL - Verification failed.
[9780:684:0923/200052.008:ERROR:cast_crl.cc(443)] CRL - Verification failed.
[9780:684:0923/200158.114:ERROR:cast_crl.cc(443)] CRL - Verification failed.
[9780:684:0923/200241.031:ERROR:cast_crl.cc(443)] CRL - Verification failed.
[9780:684:0923/200435.057:ERROR:cast_crl.cc(443)] CRL - Verification failed.
[9780:684:0923/200604.530:ERROR:cast_crl.cc(443)] CRL - Verification failed.
[9780:684:0923/200641.196:ERROR:cast_crl.cc(443)] CRL - Verification failed.
[9780:684:0923/200822.862:ERROR:cast_crl.cc(443)] CRL - Verification failed.
[9780:684:0923/200857.535:ERROR:cast_crl.cc(443)] CRL - Verification failed.
[9780:684:0923/201036.449:ERROR:cast_crl.cc(443)] CRL - Verification failed.
[9780:684:0923/201224.601:ERROR:cast_crl.cc(443)] CRL - Verification failed.
[9780:684:0923/201616.518:ERROR:cast_crl.cc(443)] CRL - Verification failed.
[9780:684:0923/201834.304:ERROR:cast_crl.cc(443)] CRL - Verification failed.
[9780:684:0923/201908.902:ERROR:cast_crl.cc(443)] CRL - Verification failed.
[9780:684:0923/202046.239:ERROR:cast_crl.cc(443)] CRL - Verification failed.
[9780:684:0923/202157.584:ERROR:cast_crl.cc(443)] CRL - Verification failed.
[9780:684:0923/202244.016:ERROR:cast_crl.cc(443)] CRL - Verification failed.
[9780:684:0923/202344.277:ERROR:cast_crl.cc(443)] CRL - Verification failed.
[9780:684:0923/202539.294:ERROR:cast_crl.cc(443)] CRL - Verification failed.
[9780:684:0923/202707.975:ERROR:cast_crl.cc(443)] CRL - Verification failed.
[9780:684:0923/202754.105:ERROR:cast_crl.cc(443)] CRL - Verification failed.
[9780:684:0923/202928.866:ERROR:cast_crl.cc(443)] CRL - Verification failed.
[9780:684:0923/203014.883:ERROR:cast_crl.cc(443)] CRL - Verification failed.
[9780:684:0923/203117.345:ERROR:cast_crl.cc(443)] CRL - Verification failed.
[9780:684:0923/203202.021:ERROR:cast_crl.cc(443)] CRL - Verification failed.
[9780:684:0923/203358.708:ERROR:cast_crl.cc(443)] CRL - Verification failed.
[9780:684:0923/203527.191:ERROR:cast_crl.cc(443)] CRL - Verification failed.
[9780:684:0923/203616.497:ERROR:cast_crl.cc(443)] CRL - Verification failed.
[9780:684:0923/203745.420:ERROR:cast_crl.cc(443)] CRL - Verification failed.
[9780:684:0923/203829.095:ERROR:cast_crl.cc(443)] CRL - Verification failed.
[9780:684:0923/203935.434:ERROR:cast_crl.cc(443)] CRL - Verification failed.
[9780:684:0923/204132.128:ERROR:cast_crl.cc(443)] CRL - Verification failed.
[9780:684:0923/204215.806:ERROR:cast_crl.cc(443)] CRL - Verification failed.
[9780:684:0923/204346.096:ERROR:cast_crl.cc(443)] CRL - Verification failed.
[9780:684:0923/204538.596:ERROR:cast_crl.cc(443)] CRL - Verification failed.
[9780:684:0923/204639.601:ERROR:cast_crl.cc(443)] CRL - Verification failed.
[9780:684:0923/204712.055:ERROR:cast_crl.cc(443)] CRL - Verification failed.
[9780:684:0923/204742.861:ERROR:cast_crl.cc(443)] CRL - Verification failed.
[9780:684:0923/204904.957:ERROR:cast_crl.cc(443)] CRL - Verification failed.
[9780:684:0923/204948.779:ERROR:cast_crl.cc(443)] CRL - Verification failed.
[9780:684:0923/205134.892:ERROR:cast_crl.cc(443)] CRL - Verification failed.
[9780:684:0923/205249.659:ERROR:cast_crl.cc(443)] CRL - Verification failed.
[9780:684:0923/205331.910:ERROR:cast_crl.cc(443)] CRL - Verification failed.
[9780:684:0923/205506.354:ERROR:cast_crl.cc(443)] CRL - Verification failed.
[9780:684:0923/205538.597:ERROR:cast_crl.cc(443)] CRL - Verification failed.
[9780:684:0923/205659.048:ERROR:cast_crl.cc(443)] CRL - Verification failed.
[9780:684:0923/205740.607:ERROR:cast_crl.cc(443)] CRL - Verification failed.
[9780:684:0923/205854.773:ERROR:cast_crl.cc(443)] CRL - Verification failed.
[9780:684:0923/205933.299:ERROR:cast_crl.cc(443)] CRL - Verification failed.
[9780:684:0923/210105.731:ERROR:cast_crl.cc(443)] CRL - Verification failed.
[9780:684:0923/210151.990:ERROR:cast_crl.cc(443)] CRL - Verification failed.
[9780:684:0923/210334.669:ERROR:cast_crl.cc(443)] CRL - Verification failed.
[9780:684:0923/210533.691:ERROR:cast_crl.cc(443)] CRL - Verification failed.
[9780:684:0923/210618.800:ERROR:cast_crl.cc(443)] CRL - Verification failed.
[9780:684:0923/210722.381:ERROR:cast_crl.cc(443)] CRL - Verification failed.
[9780:684:0923/210807.053:ERROR:cast_crl.cc(443)] CRL - Verification failed.
[9780:684:0923/210922.159:ERROR:cast_crl.cc(443)] CRL - Verification failed.
[9780:684:0923/211008.412:ERROR:cast_crl.cc(443)] CRL - Verification failed.
[9780:684:0923/211127.760:ERROR:cast_crl.cc(443)] CRL - Verification failed.
[9780:684:0923/211200.652:ERROR:cast_crl.cc(443)] CRL - Verification failed.
[9780:684:0923/211234.203:ERROR:cast_crl.cc(443)] CRL - Verification failed.
[9780:684:0923/211350.219:ERROR:cast_crl.cc(443)] CRL - Verification failed.
[9780:684:0923/211438.227:ERROR:cast_crl.cc(443)] CRL - Verification failed.
[9780:684:0923/211609.075:ERROR:cast_crl.cc(443)] CRL - Verification failed.
[9780:684:0923/211802.256:ERROR:cast_crl.cc(443)] CRL - Verification failed.
[9780:684:0923/211844.835:ERROR:cast_crl.cc(443)] CRL - Verification failed.
[9780:684:0923/211948.516:ERROR:cast_crl.cc(443)] CRL - Verification failed.
[9780:684:0923/212033.292:ERROR:cast_crl.cc(443)] CRL - Verification failed.
[9780:684:0923/212148.869:ERROR:cast_crl.cc(443)] CRL - Verification failed.
[9780:684:0923/212222.417:ERROR:cast_crl.cc(443)] CRL - Verification failed.
[9780:684:0923/212308.986:ERROR:cast_crl.cc(443)] CRL - Verification failed.
[9780:684:0923/212445.901:ERROR:cast_crl.cc(443)] CRL - Verification failed.
[9780:684:0923/212611.700:ERROR:cast_crl.cc(443)] CRL - Verification failed.
[9780:684:0923/212656.261:ERROR:cast_crl.cc(443)] CRL - Verification failed.
[9780:684:0923/212831.601:ERROR:cast_crl.cc(443)] CRL - Verification failed.
[9780:684:0923/212918.036:ERROR:cast_crl.cc(443)] CRL - Verification failed.
[9780:684:0923/213022.289:ERROR:cast_crl.cc(443)] CRL - Verification failed.
[9780:684:0923/213215.312:ERROR:cast_crl.cc(443)] CRL - Verification failed.
[9780:684:0923/213302.749:ERROR:cast_crl.cc(443)] CRL - Verification failed.
[9780:684:0923/213433.005:ERROR:cast_crl.cc(443)] CRL - Verification failed.
[9780:684:0923/213517.675:ERROR:cast_crl.cc(443)] CRL - Verification failed.
[9780:684:0923/213650.788:ERROR:cast_crl.cc(443)] CRL - Verification failed.
[9780:684:0923/213844.042:ERROR:cast_crl.cc(443)] CRL - Verification failed.
[9780:684:0923/213928.385:ERROR:cast_crl.cc(443)] CRL - Verification failed.
[9780:684:0923/214101.823:ERROR:cast_crl.cc(443)] CRL - Verification failed.
[9780:684:0923/214147.654:ERROR:cast_crl.cc(443)] CRL - Verification failed.
[9780:684:0923/214252.085:ERROR:cast_crl.cc(443)] CRL - Verification failed.
[9780:684:0923/214354.908:ERROR:cast_crl.cc(443)] CRL - Verification failed.
[9780:684:0923/214509.185:ERROR:cast_crl.cc(443)] CRL - Verification failed.
[9780:684:0923/214638.233:ERROR:cast_crl.cc(443)] CRL - Verification failed.
[9780:684:0923/214725.146:ERROR:cast_crl.cc(443)] CRL - Verification failed.
[9780:684:0923/214855.831:ERROR:cast_crl.cc(443)] CRL - Verification failed.
[9780:684:0923/214946.947:ERROR:cast_crl.cc(443)] CRL - Verification failed.
[9780:684:0923/215103.856:ERROR:cast_crl.cc(443)] CRL - Verification failed.
[9780:684:0923/215135.512:ERROR:cast_crl.cc(443)] CRL - Verification failed.
[9780:684:0923/215208.284:ERROR:cast_crl.cc(443)] CRL - Verification failed.
[9780:684:0923/215327.670:ERROR:cast_crl.cc(443)] CRL - Verification failed.
[9780:684:0923/215411.871:ERROR:cast_crl.cc(443)] CRL - Verification failed.
[9780:684:0923/215517.875:ERROR:cast_crl.cc(443)] CRL - Verification failed.
[9780:684:0923/215602.550:ERROR:cast_crl.cc(443)] CRL - Verification failed.
[9780:684:0923/215707.228:ERROR:cast_crl.cc(443)] CRL - Verification failed.
[9780:684:0923/215758.240:ERROR:cast_crl.cc(443)] CRL - Verification failed.
[9780:684:0923/215923.249:ERROR:cast_crl.cc(443)] CRL - Verification failed.
[9780:684:0923/220112.928:ERROR:cast_crl.cc(443)] CRL - Verification failed.
[9780:684:0923/220205.273:ERROR:cast_crl.cc(443)] CRL - Verification failed.
[9780:684:0923/220336.736:ERROR:cast_crl.cc(443)] CRL - Verification failed.
[9780:684:0923/220424.633:ERROR:cast_crl.cc(443)] CRL - Verification failed.
[9780:684:0923/220551.307:ERROR:cast_crl.cc(443)] CRL - Verification failed.
[9780:684:0923/220637.311:ERROR:cast_crl.cc(443)] CRL - Verification failed.
[9780:684:0923/220811.661:ERROR:cast_crl.cc(443)] CRL - Verification failed.
[9780:684:0923/220846.339:ERROR:cast_crl.cc(443)] CRL - Verification failed.
[9780:684:0923/220918.193:ERROR:cast_crl.cc(443)] CRL - Verification failed.
[9780:684:0923/221026.358:ERROR:cast_crl.cc(443)] CRL - Verification failed.
[9780:684:0923/221101.032:ERROR:cast_crl.cc(443)] CRL - Verification failed.
[9780:684:0923/221134.704:ERROR:cast_crl.cc(443)] CRL - Verification failed.
[9780:684:0923/221240.049:ERROR:cast_crl.cc(443)] CRL - Verification failed.
[9780:684:0923/221327.380:ERROR:cast_crl.cc(443)] CRL - Verification failed.
[9780:684:0923/221433.732:ERROR:cast_crl.cc(443)] CRL - Verification failed.
[9780:684:0923/221531.076:ERROR:cast_crl.cc(443)] CRL - Verification failed.
[9780:684:0923/221604.414:ERROR:cast_crl.cc(443)] CRL - Verification failed.
[9780:684:0923/221639.090:ERROR:cast_crl.cc(443)] CRL - Verification failed.
[9780:684:0923/221758.765:ERROR:cast_crl.cc(443)] CRL - Verification failed.
[9780:684:0923/221844.776:ERROR:cast_crl.cc(443)] CRL - Verification failed.
[9780:684:0923/221950.119:ERROR:cast_crl.cc(443)] CRL - Verification failed.
[9780:684:0923/222022.456:ERROR:cast_crl.cc(443)] CRL - Verification failed.
[9780:684:0923/222108.801:ERROR:cast_crl.cc(443)] CRL - Verification failed.
[9780:684:0923/222201.143:ERROR:cast_crl.cc(443)] CRL - Verification failed.
[9780:684:0923/222234.153:ERROR:cast_crl.cc(443)] CRL - Verification failed.
[9780:684:0923/222308.823:ERROR:cast_crl.cc(443)] CRL - Verification failed.
[9780:684:0923/222412.503:ERROR:cast_crl.cc(443)] CRL - Verification failed.
[9780:684:0923/222457.837:ERROR:cast_crl.cc(443)] CRL - Verification failed.
[9780:684:0923/222616.182:ERROR:cast_crl.cc(443)] CRL - Verification failed.
[9780:684:0923/222650.522:ERROR:cast_crl.cc(443)] CRL - Verification failed.
[9780:684:0923/222742.873:ERROR:cast_crl.cc(443)] CRL - Verification failed.
[9780:684:0923/222848.895:ERROR:cast_crl.cc(443)] CRL - Verification failed.
[9780:684:0923/222921.221:ERROR:cast_crl.cc(443)] CRL - Verification failed.
[9780:684:0923/223037.895:ERROR:cast_crl.cc(443)] CRL - Verification failed.
[9780:684:0923/223124.899:ERROR:cast_crl.cc(443)] CRL - Verification failed.
[9780:684:0923/223301.257:ERROR:cast_crl.cc(443)] CRL - Verification failed.
[9780:684:0923/223345.267:ERROR:cast_crl.cc(443)] CRL - Verification failed.
[9780:684:0923/223449.272:ERROR:cast_crl.cc(443)] CRL - Verification failed.
[9780:684:0923/223536.616:ERROR:cast_crl.cc(443)] CRL - Verification failed.
[9780:684:0923/223608.951:ERROR:cast_crl.cc(443)] CRL - Verification failed.
[9780:684:0923/223731.969:ERROR:cast_crl.cc(443)] CRL - Verification failed.
[9780:684:0923/223814.975:ERROR:cast_crl.cc(443)] CRL - Verification failed.
[9780:684:0923/223921.320:ERROR:cast_crl.cc(443)] CRL - Verification failed.
[9780:684:0923/223953.661:ERROR:cast_crl.cc(443)] CRL - Verification failed.
[9780:684:0923/224029.003:ERROR:cast_crl.cc(443)] CRL - Verification failed.
[9780:684:0923/224123.018:ERROR:cast_crl.cc(443)] CRL - Verification failed.
[9780:684:0923/224210.690:ERROR:cast_crl.cc(443)] CRL - Verification failed.
[9780:684:0923/224243.438:ERROR:cast_crl.cc(443)] CRL - Verification failed.
[9780:684:0923/224348.033:ERROR:cast_crl.cc(443)] CRL - Verification failed.
[9780:684:0923/224432.378:ERROR:cast_crl.cc(443)] CRL - Verification failed.
[9780:684:0923/224549.056:ERROR:cast_crl.cc(443)] CRL - Verification failed.
[9780:684:0923/224633.727:ERROR:cast_crl.cc(443)] CRL - Verification failed.
[9780:684:0923/224706.398:ERROR:cast_crl.cc(443)] CRL - Verification failed.
[9780:684:0923/224728.072:ERROR:cast_crl.cc(443)] CRL - Verification failed.
[9780:684:0923/224841.422:ERROR:cast_crl.cc(443)] CRL - Verification failed.
[9780:684:0923/224934.097:ERROR:cast_crl.cc(443)] CRL - Verification failed.
[9780:684:0923/225106.448:ERROR:cast_crl.cc(443)] CRL - Verification failed.
[9780:684:0923/225152.124:ERROR:cast_crl.cc(443)] CRL - Verification failed.
[9780:684:0923/225255.138:ERROR:cast_crl.cc(443)] CRL - Verification failed.
[9780:684:0923/225328.142:ERROR:cast_crl.cc(443)] CRL - Verification failed.
[9780:684:0923/225400.815:ERROR:cast_crl.cc(443)] CRL - Verification failed.
[9780:684:0923/225506.816:ERROR:cast_crl.cc(443)] CRL - Verification failed.
[9780:684:0923/225550.825:ERROR:cast_crl.cc(443)] CRL - Verification failed.
[9780:684:0923/225625.498:ERROR:cast_crl.cc(443)] CRL - Verification failed.
[9780:684:0923/225717.851:ERROR:cast_crl.cc(443)] CRL - Verification failed.
[9780:684:0923/225802.522:ERROR:cast_crl.cc(443)] CRL - Verification failed.
[9780:684:0923/225837.188:ERROR:cast_crl.cc(443)] CRL - Verification failed.
[9780:684:0923/225928.375:ERROR:cast_crl.cc(443)] CRL - Verification failed.
[9780:684:0923/230001.540:ERROR:cast_crl.cc(443)] CRL - Verification failed.
[9780:684:0923/230046.211:ERROR:cast_crl.cc(443)] CRL - Verification failed.
[9780:684:0923/230150.559:ERROR:cast_crl.cc(443)] CRL - Verification failed.
[9780:684:0923/230235.236:ERROR:cast_crl.cc(443)] CRL - Verification failed.
[9780:684:0923/230353.583:ERROR:cast_crl.cc(443)] CRL - Verification failed.
[9780:684:0923/230436.925:ERROR:cast_crl.cc(443)] CRL - Verification failed.
[9780:684:0923/230543.274:ERROR:cast_crl.cc(443)] CRL - Verification failed.
[9780:684:0923/230617.270:ERROR:cast_crl.cc(443)] CRL - Verification failed.
[9780:684:0923/230649.603:ERROR:cast_crl.cc(443)] CRL - Verification failed.
[9780:684:0923/230753.621:ERROR:cast_crl.cc(443)] CRL - Verification failed.
[9780:684:0923/230840.310:ERROR:cast_crl.cc(443)] CRL - Verification failed.
[9780:684:0923/230912.300:ERROR:cast_crl.cc(443)] CRL - Verification failed.
[9780:684:0923/231004.981:ERROR:cast_crl.cc(443)] CRL - Verification failed.
[9780:684:0923/231037.659:ERROR:cast_crl.cc(443)] CRL - Verification failed.
[9780:684:0923/231123.332:ERROR:cast_crl.cc(443)] CRL - Verification failed.
[9780:684:0923/231229.675:ERROR:cast_crl.cc(443)] CRL - Verification failed.
[9780:684:0923/231313.008:ERROR:cast_crl.cc(443)] CRL - Verification failed.
[9780:684:0923/231420.354:ERROR:cast_crl.cc(443)] CRL - Verification failed.
[9780:684:0923/231511.025:ERROR:cast_crl.cc(443)] CRL - Verification failed.
[9780:684:0923/231641.717:ERROR:cast_crl.cc(443)] CRL - Verification failed.
[9780:684:0923/231728.056:ERROR:cast_crl.cc(443)] CRL - Verification failed.
[9780:684:0923/231833.408:ERROR:cast_crl.cc(443)] CRL - Verification failed.
[9780:684:0923/231905.733:ERROR:cast_crl.cc(443)] CRL - Verification failed.
[9780:684:0923/231952.080:ERROR:cast_crl.cc(443)] CRL - Verification failed.
[9780:684:0923/232111.424:ERROR:cast_crl.cc(443)] CRL - Verification failed.
[9780:684:0923/232158.440:ERROR:cast_crl.cc(443)] CRL - Verification failed.
[9780:684:0923/232300.792:ERROR:cast_crl.cc(443)] CRL - Verification failed.
[9780:684:0923/232348.130:ERROR:cast_crl.cc(443)] CRL - Verification failed.
[9780:684:0923/232451.477:ERROR:cast_crl.cc(443)] CRL - Verification failed.
[9780:684:0923/232538.478:ERROR:cast_crl.cc(443)] CRL - Verification failed.
[9780:684:0923/232713.496:ERROR:cast_crl.cc(443)] CRL - Verification failed.
[9780:684:0923/232746.176:ERROR:cast_crl.cc(443)] CRL - Verification failed.
[9780:684:0923/232902.523:ERROR:cast_crl.cc(443)] CRL - Verification failed.
[9780:684:0923/232937.201:ERROR:cast_crl.cc(443)] CRL - Verification failed.
[9780:684:0923/233011.868:ERROR:cast_crl.cc(443)] CRL - Verification failed.
[9780:684:0923/233115.546:ERROR:cast_crl.cc(443)] CRL - Verification failed.
[9780:684:0923/233200.888:ERROR:cast_crl.cc(443)] CRL - Verification failed.
[9780:684:0923/233317.237:ERROR:cast_crl.cc(443)] CRL - Verification failed.
[9780:684:0923/233351.916:ERROR:cast_crl.cc(443)] CRL - Verification failed.
[9780:684:0923/233452.264:ERROR:cast_crl.cc(443)] CRL - Verification failed.
[9780:684:0923/233535.521:ERROR:cast_crl.cc(443)] CRL - Verification failed.
[9780:684:0923/233611.939:ERROR:cast_crl.cc(443)] CRL - Verification failed.
[9780:684:0923/233714.283:ERROR:cast_crl.cc(443)] CRL - Verification failed.
[9780:684:0923/233746.626:ERROR:cast_crl.cc(443)] CRL - Verification failed.
[9780:684:0923/233902.973:ERROR:cast_crl.cc(443)] CRL - Verification failed.
[9780:684:0923/233935.975:ERROR:cast_crl.cc(443)] CRL - Verification failed.
[9780:684:0923/234022.341:ERROR:cast_crl.cc(443)] CRL - Verification failed.
[9780:684:0923/234124.667:ERROR:cast_crl.cc(443)] CRL - Verification failed.
[9780:684:0923/234212.345:ERROR:cast_crl.cc(443)] CRL - Verification failed.
[9780:684:0923/234315.686:ERROR:cast_crl.cc(443)] CRL - Verification failed.
[9780:684:0923/234350.026:ERROR:cast_crl.cc(443)] CRL - Verification failed.
[9780:684:0923/234435.028:ERROR:cast_crl.cc(443)] CRL - Verification failed.
[9780:684:0923/234558.043:ERROR:cast_crl.cc(443)] CRL - Verification failed.
[9780:684:0923/234645.054:ERROR:cast_crl.cc(443)] CRL - Verification failed.
[9780:684:0923/234737.396:ERROR:cast_crl.cc(443)] CRL - Verification failed.
[9780:684:0923/234821.736:ERROR:cast_crl.cc(443)] CRL - Verification failed.
[9780:684:0923/234938.086:ERROR:cast_crl.cc(443)] CRL - Verification failed.
[9780:684:0923/235030.103:ERROR:cast_crl.cc(443)] CRL - Verification failed.
[9780:684:0923/235158.778:ERROR:cast_crl.cc(443)] CRL - Verification failed.
[9780:684:0923/235244.453:ERROR:cast_crl.cc(443)] CRL - Verification failed.
[9780:684:0923/235348.461:ERROR:cast_crl.cc(443)] CRL - Verification failed.
[9780:684:0923/235423.464:ERROR:cast_crl.cc(443)] CRL - Verification failed.
[9780:684:0923/235455.813:ERROR:cast_crl.cc(443)] CRL - Verification failed.
[9780:684:0923/235600.482:ERROR:cast_crl.cc(443)] CRL - Verification failed.
[9780:684:0923/235633.491:ERROR:cast_crl.cc(443)] CRL - Verification failed.
[9780:684:0923/235708.163:ERROR:cast_crl.cc(443)] CRL - Verification failed.
[9780:684:0923/235811.507:ERROR:cast_crl.cc(443)] CRL - Verification failed.
[9780:684:0923/235844.505:ERROR:cast_crl.cc(443)] CRL - Verification failed.
[9780:684:0923/235932.178:ERROR:cast_crl.cc(443)] CRL - Verification failed.
[9780:684:0924/000034.861:ERROR:cast_crl.cc(443)] CRL - Verification failed.
[9780:684:0924/000107.291:ERROR:cast_crl.cc(443)] CRL - Verification failed.
[9780:684:0924/000141.873:ERROR:cast_crl.cc(443)] CRL - Verification failed.
[9780:684:0924/000246.207:ERROR:cast_crl.cc(443)] CRL - Verification failed.
[9780:684:0924/000318.664:ERROR:cast_crl.cc(443)] CRL - Verification failed.
[9780:684:0924/000355.221:ERROR:cast_crl.cc(443)] CRL - Verification failed.
[9780:684:0924/000533.904:ERROR:cast_crl.cc(443)] CRL - Verification failed.
[9780:684:0924/000705.594:ERROR:cast_crl.cc(443)] CRL - Verification failed.
[9780:684:0924/000737.593:ERROR:cast_crl.cc(443)] CRL - Verification failed.
[9780:684:0924/000909.270:ERROR:cast_crl.cc(443)] CRL - Verification failed.
[9780:684:0924/000943.941:ERROR:cast_crl.cc(443)] CRL - Verification failed.
[9780:684:0924/001042.846:ERROR:cast_crl.cc(443)] CRL - Verification failed.
[9780:684:0924/001135.977:ERROR:cast_crl.cc(443)] CRL - Verification failed.
[9780:684:0924/001221.977:ERROR:cast_crl.cc(443)] CRL - Verification failed.
[9780:684:0924/001324.321:ERROR:cast_crl.cc(443)] CRL - Verification failed.
[9780:684:0924/001358.990:ERROR:cast_crl.cc(443)] CRL - Verification failed.
[9780:684:0924/001433.332:ERROR:cast_crl.cc(443)] CRL - Verification failed.
[9780:684:0924/001535.367:ERROR:cast_crl.cc(443)] CRL - Verification failed.
[9780:684:0924/001611.680:ERROR:cast_crl.cc(443)] CRL - Verification failed.
[9780:684:0924/001645.355:ERROR:cast_crl.cc(443)] CRL - Verification failed.
[9780:684:0924/001753.057:ERROR:cast_crl.cc(443)] CRL - Verification failed.
[9780:684:0924/001825.372:ERROR:cast_crl.cc(443)] CRL - Verification failed.
[9780:684:0924/001942.724:ERROR:cast_crl.cc(443)] CRL - Verification failed.
[9780:684:0924/002013.394:ERROR:cast_crl.cc(443)] CRL - Verification failed.
[9780:684:0924/002046.397:ERROR:cast_crl.cc(443)] CRL - Verification failed.
[9780:684:0924/002215.820:ERROR:cast_crl.cc(443)] CRL - Verification failed.
[9780:684:0924/002216.492:ERROR:cast_crl.cc(443)] CRL - Verification failed.
[9780:684:0924/002227.188:ERROR:cast_crl.cc(443)] CRL - Verification failed.
[9780:684:0924/002240.495:ERROR:cast_crl.cc(443)] CRL - Verification failed.
[9780:684:0924/002251.760:ERROR:cast_crl.cc(443)] CRL - Verification failed.
[9780:684:0924/002401.434:ERROR:cast_crl.cc(443)] CRL - Verification failed.
[9780:684:0924/002434.780:ERROR:cast_crl.cc(443)] CRL - Verification failed.
[9780:684:0924/002509.462:ERROR:cast_crl.cc(443)] CRL - Verification failed.
[9780:684:0924/002608.798:ERROR:cast_crl.cc(443)] CRL - Verification failed.
[9780:684:0924/002642.813:ERROR:cast_crl.cc(443)] CRL - Verification failed.
[9780:684:0924/002715.165:ERROR:cast_crl.cc(443)] CRL - Verification failed.
[9780:684:0924/002821.160:ERROR:cast_crl.cc(443)] CRL - Verification failed.
[9780:684:0924/002853.011:ERROR:cast_crl.cc(443)] CRL - Verification failed.
[9780:684:0924/002939.186:ERROR:cast_crl.cc(443)] CRL - Verification failed.
[9780:684:0924/003044.525:ERROR:cast_crl.cc(443)] CRL - Verification failed.
[9780:684:0924/003128.643:ERROR:cast_crl.cc(443)] CRL - Verification failed.
[9780:684:0924/003236.209:ERROR:cast_crl.cc(443)] CRL - Verification failed.
[9780:684:0924/003324.212:ERROR:cast_crl.cc(443)] CRL - Verification failed.
[9780:684:0924/003457.233:ERROR:cast_crl.cc(443)] CRL - Verification failed.
[9780:684:0924/003529.564:ERROR:cast_crl.cc(443)] CRL - Verification failed.
[9780:684:0924/003647.914:ERROR:cast_crl.cc(443)] CRL - Verification failed.
[9780:684:0924/003756.257:ERROR:cast_crl.cc(443)] CRL - Verification failed.
[9780:684:0924/003900.608:ERROR:cast_crl.cc(443)] CRL - Verification failed.
[9780:684:0924/004005.287:ERROR:cast_crl.cc(443)] CRL - Verification failed.
[9780:684:0924/004122.969:ERROR:cast_crl.cc(443)] CRL - Verification failed.
[9780:684:0924/004156.635:ERROR:cast_crl.cc(443)] CRL - Verification failed.
[9780:684:0924/004310.144:ERROR:cast_crl.cc(443)] CRL - Verification failed.
[9780:684:0924/004400.324:ERROR:cast_crl.cc(443)] CRL - Verification failed.
[9780:684:0924/004432.661:ERROR:cast_crl.cc(443)] CRL - Verification failed.
[9780:684:0924/004539.020:ERROR:cast_crl.cc(443)] CRL - Verification failed.
[9780:684:0924/004623.346:ERROR:cast_crl.cc(443)] CRL - Verification failed.
[9780:684:0924/004745.362:ERROR:cast_crl.cc(443)] CRL - Verification failed.
[9780:684:0924/004847.710:ERROR:cast_crl.cc(443)] CRL - Verification failed.
[9780:684:0924/004919.382:ERROR:cast_crl.cc(443)] CRL - Verification failed.
[9780:684:0924/005037.399:ERROR:cast_crl.cc(443)] CRL - Verification failed.
[9780:684:0924/005129.403:ERROR:cast_crl.cc(443)] CRL - Verification failed.
[9780:684:0924/005303.086:ERROR:cast_crl.cc(443)] CRL - Verification failed.
[9780:684:0924/005403.759:ERROR:cast_crl.cc(443)] CRL - Verification failed.
[9780:684:0924/005438.762:ERROR:cast_crl.cc(443)] CRL - Verification failed.
[9780:684:0924/005513.779:ERROR:cast_crl.cc(443)] CRL - Verification failed.
[9780:684:0924/005618.124:ERROR:cast_crl.cc(443)] CRL - Verification failed.
[9780:684:0924/005650.468:ERROR:cast_crl.cc(443)] CRL - Verification failed.
[9780:684:0924/005725.140:ERROR:cast_crl.cc(443)] CRL - Verification failed.
[9780:684:0924/005829.476:ERROR:cast_crl.cc(443)] CRL - Verification failed.
[9780:684:0924/005903.478:ERROR:cast_crl.cc(443)] CRL - Verification failed.
[9780:684:0924/010032.983:ERROR:cast_crl.cc(443)] CRL - Verification failed.
[9780:684:0924/010119.505:ERROR:cast_crl.cc(443)] CRL - Verification failed.
[9780:684:0924/010128.569:ERROR:cast_crl.cc(443)] CRL - Verification failed.
[9780:684:0924/010129.241:ERROR:cast_crl.cc(443)] CRL - Verification failed.
[9780:684:0924/010141.915:ERROR:cast_crl.cc(443)] CRL - Verification failed.
[9780:684:0924/010150.922:ERROR:cast_crl.cc(443)] CRL - Verification failed.
[9780:684:0924/010225.512:ERROR:cast_crl.cc(443)] CRL - Verification failed.
[9780:684:0924/010259.520:ERROR:cast_crl.cc(443)] CRL - Verification failed.
[9780:684:0924/010333.529:ERROR:cast_crl.cc(443)] CRL - Verification failed.
[9780:684:0924/010436.873:ERROR:cast_crl.cc(443)] CRL - Verification failed.
[9780:684:0924/010526.211:ERROR:cast_crl.cc(443)] CRL - Verification failed.
[9780:684:0924/010631.563:ERROR:cast_crl.cc(443)] CRL - Verification failed.
[9780:684:0924/010659.231:ERROR:cast_crl.cc(443)] CRL - Verification failed.
[9780:684:0924/010731.576:ERROR:cast_crl.cc(443)] CRL - Verification failed.
[9780:684:0924/010804.238:ERROR:cast_crl.cc(443)] CRL - Verification failed.
[9780:684:0924/010858.581:ERROR:cast_crl.cc(443)] CRL - Verification failed.
[9780:684:0924/010930.933:ERROR:cast_crl.cc(443)] CRL - Verification failed.
[9780:684:0924/011020.613:ERROR:cast_crl.cc(443)] CRL - Verification failed.
[9780:684:0924/011124.946:ERROR:cast_crl.cc(443)] CRL - Verification failed.
[9780:684:0924/011201.294:ERROR:cast_crl.cc(443)] CRL - Verification failed.
[9780:684:0924/011315.300:ERROR:cast_crl.cc(443)] CRL - Verification failed.
[9780:684:0924/011406.308:ERROR:cast_crl.cc(443)] CRL - Verification failed.
[9780:684:0924/011538.318:ERROR:cast_crl.cc(443)] CRL - Verification failed.
[9780:684:0924/011621.669:ERROR:cast_crl.cc(443)] CRL - Verification failed.
[9780:684:0924/011725.341:ERROR:cast_crl.cc(443)] CRL - Verification failed.
[9780:684:0924/011810.019:ERROR:cast_crl.cc(443)] CRL - Verification failed.
[9780:684:0924/011844.693:ERROR:cast_crl.cc(443)] CRL - Verification failed.
[9780:684:0924/011937.033:ERROR:cast_crl.cc(443)] CRL - Verification failed.
[9780:684:0924/012021.710:ERROR:cast_crl.cc(443)] CRL - Verification failed.
[9780:684:0924/012137.826:ERROR:cast_crl.cc(443)] CRL - Verification failed.
[9780:684:0924/012214.055:ERROR:cast_crl.cc(443)] CRL - Verification failed.
[9780:684:0924/012248.393:ERROR:cast_crl.cc(443)] CRL - Verification failed.
[9780:684:0924/012351.404:ERROR:cast_crl.cc(443)] CRL - Verification failed.
[9780:684:0924/012440.748:ERROR:cast_crl.cc(443)] CRL - Verification failed.
[9780:684:0924/012611.426:ERROR:cast_crl.cc(443)] CRL - Verification failed.
[9780:684:0924/012657.441:ERROR:cast_crl.cc(443)] CRL - Verification failed.
[9780:684:0924/012800.119:ERROR:cast_crl.cc(443)] CRL - Verification failed.
[9780:684:0924/012835.122:ERROR:cast_crl.cc(443)] CRL - Verification failed.
[9780:684:0924/012920.796:ERROR:cast_crl.cc(443)] CRL - Verification failed.
[9780:684:0924/013040.147:ERROR:cast_crl.cc(443)] CRL - Verification failed.
[9780:684:0924/013127.486:ERROR:cast_crl.cc(443)] CRL - Verification failed.
[9780:684:0924/013218.162:ERROR:cast_crl.cc(443)] CRL - Verification failed.
[9780:684:0924/013250.833:ERROR:cast_crl.cc(443)] CRL - Verification failed.
[9780:684:0924/013340.998:ERROR:cast_crl.cc(443)] CRL - Verification failed.
[9780:684:0924/013447.521:ERROR:cast_crl.cc(443)] CRL - Verification failed.
[9780:684:0924/013521.861:ERROR:cast_crl.cc(443)] CRL - Verification failed.
[9780:684:0924/013553.528:ERROR:cast_crl.cc(443)] CRL - Verification failed.
[9780:684:0924/013659.530:ERROR:cast_crl.cc(443)] CRL - Verification failed.
[9780:684:0924/013731.876:ERROR:cast_crl.cc(443)] CRL - Verification failed.
[9780:684:0924/013850.216:ERROR:cast_crl.cc(443)] CRL - Verification failed.
[9780:684:0924/013942.582:ERROR:cast_crl.cc(443)] CRL - Verification failed.
[9780:684:0924/014016.909:ERROR:cast_crl.cc(443)] CRL - Verification failed.
[9780:684:0924/014119.246:ERROR:cast_crl.cc(443)] CRL - Verification failed.
[9780:684:0924/014153.593:ERROR:cast_crl.cc(443)] CRL - Verification failed.
[9780:684:0924/014329.947:ERROR:cast_crl.cc(443)] CRL - Verification failed.
[9780:684:0924/014413.951:ERROR:cast_crl.cc(443)] CRL - Verification failed.
[9780:684:0924/014544.631:ERROR:cast_crl.cc(443)] CRL - Verification failed.
[9780:684:0924/014631.983:ERROR:cast_crl.cc(443)] CRL - Verification failed.
[9780:684:0924/014736.654:ERROR:cast_crl.cc(443)] CRL - Verification failed.
[9780:684:0924/014810.989:ERROR:cast_crl.cc(443)] CRL - Verification failed.
[9780:684:0924/014930.016:ERROR:cast_crl.cc(443)] CRL - Verification failed.
[9780:684:0924/015016.611:ERROR:cast_crl.cc(443)] CRL - Verification failed.
[9780:684:0924/015052.692:ERROR:cast_crl.cc(443)] CRL - Verification failed.
[9780:684:0924/015157.077:ERROR:cast_crl.cc(443)] CRL - Verification failed.
[9780:684:0924/015231.705:ERROR:cast_crl.cc(443)] CRL - Verification failed.
[9780:684:0924/015403.053:ERROR:cast_crl.cc(443)] CRL - Verification failed.
[9780:684:0924/015450.058:ERROR:cast_crl.cc(443)] CRL - Verification failed.
[9780:684:0924/015553.738:ERROR:cast_crl.cc(443)] CRL - Verification failed.
[9780:684:0924/015640.742:ERROR:cast_crl.cc(443)] CRL - Verification failed.
[9780:684:0924/015713.088:ERROR:cast_crl.cc(443)] CRL - Verification failed.
[9780:684:0924/015834.107:ERROR:cast_crl.cc(443)] CRL - Verification failed.
[9780:684:0924/015910.442:ERROR:cast_crl.cc(443)] CRL - Verification failed.
[9780:684:0924/020015.792:ERROR:cast_crl.cc(443)] CRL - Verification failed.
[9780:684:0924/020048.125:ERROR:cast_crl.cc(443)] CRL - Verification failed.
[9780:684:0924/020133.464:ERROR:cast_crl.cc(443)] CRL - Verification failed.
[9780:684:0924/020239.811:ERROR:cast_crl.cc(443)] CRL - Verification failed.
[9780:684:0924/020325.170:ERROR:cast_crl.cc(443)] CRL - Verification failed.
[9780:684:0924/020427.300:ERROR:cast_crl.cc(443)] CRL - Verification failed.
[9780:684:0924/020519.742:ERROR:cast_crl.cc(443)] CRL - Verification failed.
[9780:684:0924/020650.860:ERROR:cast_crl.cc(443)] CRL - Verification failed.
[9780:684:0924/020738.536:ERROR:cast_crl.cc(443)] CRL - Verification failed.
[9780:684:0924/020843.219:ERROR:cast_crl.cc(443)] CRL - Verification failed.
[9780:684:0924/020918.221:ERROR:cast_crl.cc(443)] CRL - Verification failed.
[9780:684:0924/020950.907:ERROR:cast_crl.cc(443)] CRL - Verification failed.
[9780:684:0924/021057.241:ERROR:cast_crl.cc(443)] CRL - Verification failed.
[9780:684:0924/021143.251:ERROR:cast_crl.cc(443)] CRL - Verification failed.
[9780:684:0924/021217.585:ERROR:cast_crl.cc(443)] CRL - Verification failed.
[9780:684:0924/021338.924:ERROR:cast_crl.cc(443)] CRL - Verification failed.
[9780:684:0924/021413.320:ERROR:cast_crl.cc(443)] CRL - Verification failed.
[9780:684:0924/021445.605:ERROR:cast_crl.cc(443)] CRL - Verification failed.
[9780:684:0924/021551.956:ERROR:cast_crl.cc(443)] CRL - Verification failed.
[9780:684:0924/021637.629:ERROR:cast_crl.cc(443)] CRL - Verification failed.
[9780:684:0924/021741.639:ERROR:cast_crl.cc(443)] CRL - Verification failed.
[9780:684:0924/021834.316:ERROR:cast_crl.cc(443)] CRL - Verification failed.
[9780:684:0924/021905.986:ERROR:cast_crl.cc(443)] CRL - Verification failed.
[9780:684:0924/022026.001:ERROR:cast_crl.cc(443)] CRL - Verification failed.
[9780:684:0924/022111.679:ERROR:cast_crl.cc(443)] CRL - Verification failed.
[9780:684:0924/022216.014:ERROR:cast_crl.cc(443)] CRL - Verification failed.
[9780:684:0924/022247.405:ERROR:cast_crl.cc(443)] CRL - Verification failed.
[9780:684:0924/022321.023:ERROR:cast_crl.cc(443)] CRL - Verification failed.
[9780:684:0924/022425.709:ERROR:cast_crl.cc(443)] CRL - Verification failed.
[9780:684:0924/022510.374:ERROR:cast_crl.cc(443)] CRL - Verification failed.
[9780:684:0924/022614.390:ERROR:cast_crl.cc(443)] CRL - Verification failed.
[9780:684:0924/022649.065:ERROR:cast_crl.cc(443)] CRL - Verification failed.
[9780:684:0924/022720.742:ERROR:cast_crl.cc(443)] CRL - Verification failed.
[9780:684:0924/022842.416:ERROR:cast_crl.cc(443)] CRL - Verification failed.
[9780:684:0924/022917.753:ERROR:cast_crl.cc(443)] CRL - Verification failed.
[9780:684:0924/022950.097:ERROR:cast_crl.cc(443)] CRL - Verification failed.
[9780:684:0924/023056.437:ERROR:cast_crl.cc(443)] CRL - Verification failed.
[9780:684:0924/023142.117:ERROR:cast_crl.cc(443)] CRL - Verification failed.
[9780:684:0924/023248.129:ERROR:cast_crl.cc(443)] CRL - Verification failed.
[9780:684:0924/023322.462:ERROR:cast_crl.cc(443)] CRL - Verification failed.
[9780:684:0924/023406.475:ERROR:cast_crl.cc(443)] CRL - Verification failed.
[9780:684:0924/023527.337:ERROR:cast_crl.cc(443)] CRL - Verification failed.
[9780:684:0924/023603.822:ERROR:cast_crl.cc(443)] CRL - Verification failed.
[9780:684:0924/023703.175:ERROR:cast_crl.cc(443)] CRL - Verification failed.
[9780:684:0924/023734.841:ERROR:cast_crl.cc(443)] CRL - Verification failed.
[9780:684:0924/023807.524:ERROR:cast_crl.cc(443)] CRL - Verification failed.
[9780:684:0924/023913.194:ERROR:cast_crl.cc(443)] CRL - Verification failed.
[9780:684:0924/023959.207:ERROR:cast_crl.cc(443)] CRL - Verification failed.
[9780:684:0924/024131.899:ERROR:cast_crl.cc(443)] CRL - Verification failed.
[9780:684:0924/024215.902:ERROR:cast_crl.cc(443)] CRL - Verification failed.
[9780:684:0924/024321.255:ERROR:cast_crl.cc(443)] CRL - Verification failed.
[9780:684:0924/024353.802:ERROR:cast_crl.cc(443)] CRL - Verification failed.
[9780:684:0924/024440.260:ERROR:cast_crl.cc(443)] CRL - Verification failed.
[9780:684:0924/024602.609:ERROR:cast_crl.cc(443)] CRL - Verification failed.
[9780:684:0924/024635.288:ERROR:cast_crl.cc(443)] CRL - Verification failed.
[9780:684:0924/024741.287:ERROR:cast_crl.cc(443)] CRL - Verification failed.
[9780:684:0924/024812.956:ERROR:cast_crl.cc(443)] CRL - Verification failed.
[9780:684:0924/024903.962:ERROR:cast_crl.cc(443)] CRL - Verification failed.
[9780:684:0924/024955.800:ERROR:cast_crl.cc(443)] CRL - Verification failed.
[9780:684:0924/025030.309:ERROR:cast_crl.cc(443)] CRL - Verification failed.
[9780:684:0924/025115.658:ERROR:cast_crl.cc(443)] CRL - Verification failed.
[9780:684:0924/025221.989:ERROR:cast_crl.cc(443)] CRL - Verification failed.
[9780:684:0924/025254.003:ERROR:cast_crl.cc(443)] CRL - Verification failed.
[9780:684:0924/025330.671:ERROR:cast_crl.cc(443)] CRL - Verification failed.
[9780:684:0924/025434.841:ERROR:cast_crl.cc(443)] CRL - Verification failed.
[9780:684:0924/025511.357:ERROR:cast_crl.cc(443)] CRL - Verification failed.
[9780:684:0924/025545.695:ERROR:cast_crl.cc(443)] CRL - Verification failed.
[9780:684:0924/025638.698:ERROR:cast_crl.cc(443)] CRL - Verification failed.
[9780:684:0924/025725.710:ERROR:cast_crl.cc(443)] CRL - Verification failed.
[9780:684:0924/025800.051:ERROR:cast_crl.cc(443)] CRL - Verification failed.
[9780:684:0924/025931.735:ERROR:cast_crl.cc(443)] CRL - Verification failed.
[9780:684:0924/030041.078:ERROR:cast_crl.cc(443)] CRL - Verification failed.
[9780:684:0924/030115.421:ERROR:cast_crl.cc(443)] CRL - Verification failed.
[9780:684:0924/030148.039:ERROR:cast_crl.cc(443)] CRL - Verification failed.
[9780:684:0924/030321.106:ERROR:cast_crl.cc(443)] CRL - Verification failed.
[9780:684:0924/030405.121:ERROR:cast_crl.cc(443)] CRL - Verification failed.
[9780:684:0924/030514.189:ERROR:cast_crl.cc(443)] CRL - Verification failed.
[9780:684:0924/030546.466:ERROR:cast_crl.cc(443)] CRL - Verification failed.
[9780:684:0924/030631.807:ERROR:cast_crl.cc(443)] CRL - Verification failed.
[9780:684:0924/030752.829:ERROR:cast_crl.cc(443)] CRL - Verification failed.
[9780:684:0924/030836.829:ERROR:cast_crl.cc(443)] CRL - Verification failed.
[9780:684:0924/030941.844:ERROR:cast_crl.cc(443)] CRL - Verification failed.
[9780:684:0924/031016.843:ERROR:cast_crl.cc(443)] CRL - Verification failed.
[9780:684:0924/031049.186:ERROR:cast_crl.cc(443)] CRL - Verification failed.
[9780:684:0924/031222.535:ERROR:cast_crl.cc(443)] CRL - Verification failed.
[9780:684:0924/031353.545:ERROR:cast_crl.cc(443)] CRL - Verification failed.
[9780:684:0924/031438.887:ERROR:cast_crl.cc(443)] CRL - Verification failed.
[9780:684:0924/031542.894:ERROR:cast_crl.cc(443)] CRL - Verification failed.
[9780:684:0924/031617.574:ERROR:cast_crl.cc(443)] CRL - Verification failed.
[9780:684:0924/031704.246:ERROR:cast_crl.cc(443)] CRL - Verification failed.
[9780:684:0924/031826.928:ERROR:cast_crl.cc(443)] CRL - Verification failed.
[9780:684:0924/031910.940:ERROR:cast_crl.cc(443)] CRL - Verification failed.
[9780:684:0924/032017.036:ERROR:cast_crl.cc(443)] CRL - Verification failed.
[9780:684:0924/032048.628:ERROR:cast_crl.cc(443)] CRL - Verification failed.
[9780:684:0924/032219.646:ERROR:cast_crl.cc(443)] CRL - Verification failed.
[9780:684:0924/032306.645:ERROR:cast_crl.cc(443)] CRL - Verification failed.
[9780:684:0924/032425.658:ERROR:cast_crl.cc(443)] CRL - Verification failed.
[9780:684:0924/032510.332:ERROR:cast_crl.cc(443)] CRL - Verification failed.
[9780:684:0924/032616.009:ERROR:cast_crl.cc(443)] CRL - Verification failed.
[9780:684:0924/032717.170:ERROR:cast_crl.cc(443)] CRL - Verification failed.
[9780:684:0924/032822.124:ERROR:cast_crl.cc(443)] CRL - Verification failed.
[9780:684:0924/032919.466:ERROR:cast_crl.cc(443)] CRL - Verification failed.
[9780:684:0924/033025.468:ERROR:cast_crl.cc(443)] CRL - Verification failed.
[9780:684:0924/033113.866:ERROR:cast_crl.cc(443)] CRL - Verification failed.
[9780:684:0924/033242.732:ERROR:cast_crl.cc(443)] CRL - Verification failed.
[9780:684:0924/033327.400:ERROR:cast_crl.cc(443)] CRL - Verification failed.
[9780:684:0924/033431.504:ERROR:cast_crl.cc(443)] CRL - Verification failed.
[9780:684:0924/033517.749:ERROR:cast_crl.cc(443)] CRL - Verification failed.
[9780:684:0924/033549.421:ERROR:cast_crl.cc(443)] CRL - Verification failed.
[9780:684:0924/033732.437:ERROR:cast_crl.cc(443)] CRL - Verification failed.
[9780:684:0924/033804.140:ERROR:cast_crl.cc(443)] CRL - Verification failed.
[9780:684:0924/033910.213:ERROR:cast_crl.cc(443)] CRL - Verification failed.
[9780:684:0924/033941.794:ERROR:cast_crl.cc(443)] CRL - Verification failed.
[9780:684:0924/034057.139:ERROR:cast_crl.cc(443)] CRL - Verification failed.
[9780:684:0924/034141.813:ERROR:cast_crl.cc(443)] CRL - Verification failed.
[9780:684:0924/034317.256:ERROR:cast_crl.cc(443)] CRL - Verification failed.
[9780:684:0924/034401.837:ERROR:cast_crl.cc(443)] CRL - Verification failed.
[9780:684:0924/034506.176:ERROR:cast_crl.cc(443)] CRL - Verification failed.
[9780:684:0924/034552.188:ERROR:cast_crl.cc(443)] CRL - Verification failed.
[9780:684:0924/034623.858:ERROR:cast_crl.cc(443)] CRL - Verification failed.
[9780:684:0924/034745.780:ERROR:cast_crl.cc(443)] CRL - Verification failed.
[9780:684:0924/034833.643:ERROR:cast_crl.cc(443)] CRL - Verification failed.
[9780:684:0924/034936.232:ERROR:cast_crl.cc(443)] CRL - Verification failed.
[9780:684:0924/035020.898:ERROR:cast_crl.cc(443)] CRL - Verification failed.
[9780:684:0924/035124.916:ERROR:cast_crl.cc(443)] CRL - Verification failed.
[9780:684:0924/035217.590:ERROR:cast_crl.cc(443)] CRL - Verification failed.
[9780:684:0924/035408.601:ERROR:cast_crl.cc(443)] CRL - Verification failed.
[9780:684:0924/035452.613:ERROR:cast_crl.cc(443)] CRL - Verification failed.
[9780:684:0924/035556.957:ERROR:cast_crl.cc(443)] CRL - Verification failed.
[9780:684:0924/035642.295:ERROR:cast_crl.cc(443)] CRL - Verification failed.
[9780:684:0924/035746.312:ERROR:cast_crl.cc(443)] CRL - Verification failed.
[9780:684:0924/035837.689:ERROR:cast_crl.cc(443)] CRL - Verification failed.
[9780:684:0924/035954.998:ERROR:cast_crl.cc(443)] CRL - Verification failed.
[9780:684:0924/040027.676:ERROR:cast_crl.cc(443)] CRL - Verification failed.
[9780:684:0924/040120.352:ERROR:cast_crl.cc(443)] CRL - Verification failed.
[9780:684:0924/040223.029:ERROR:cast_crl.cc(443)] CRL - Verification failed.
[9780:684:0924/040307.363:ERROR:cast_crl.cc(443)] CRL - Verification failed.
[9780:684:0924/040412.710:ERROR:cast_crl.cc(443)] CRL - Verification failed.
[9780:684:0924/040506.048:ERROR:cast_crl.cc(443)] CRL - Verification failed.
[9780:684:0924/040540.386:ERROR:cast_crl.cc(443)] CRL - Verification failed.
[9780:684:0924/040644.739:ERROR:cast_crl.cc(443)] CRL - Verification failed.
[9780:684:0924/040728.406:ERROR:cast_crl.cc(443)] CRL - Verification failed.
[9780:684:0924/040843.077:ERROR:cast_crl.cc(443)] CRL - Verification failed.
[9780:684:0924/040941.091:ERROR:cast_crl.cc(443)] CRL - Verification failed.
[9780:684:0924/041043.443:ERROR:cast_crl.cc(443)] CRL - Verification failed.
[9780:684:0924/041130.887:ERROR:cast_crl.cc(443)] CRL - Verification failed.
[9780:684:0924/041244.789:ERROR:cast_crl.cc(443)] CRL - Verification failed.
[9780:684:0924/041329.123:ERROR:cast_crl.cc(443)] CRL - Verification failed.
[9780:684:0924/041450.819:ERROR:cast_crl.cc(443)] CRL - Verification failed.
[9780:684:0924/041537.583:ERROR:cast_crl.cc(443)] CRL - Verification failed.
[9780:684:0924/041641.179:ERROR:cast_crl.cc(443)] CRL - Verification failed.
[9780:684:0924/041727.606:ERROR:cast_crl.cc(443)] CRL - Verification failed.
[9780:684:0924/041759.867:ERROR:cast_crl.cc(443)] CRL - Verification failed.
[9780:684:0924/041921.864:ERROR:cast_crl.cc(443)] CRL - Verification failed.
[9780:684:0924/042008.205:ERROR:cast_crl.cc(443)] CRL - Verification failed.
[9780:684:0924/042112.540:ERROR:cast_crl.cc(443)] CRL - Verification failed.
[9780:684:0924/042144.892:ERROR:cast_crl.cc(443)] CRL - Verification failed.
[9780:684:0924/042300.565:ERROR:cast_crl.cc(443)] CRL - Verification failed.
[9780:684:0924/042345.910:ERROR:cast_crl.cc(443)] CRL - Verification failed.
[9780:684:0924/042523.264:ERROR:cast_crl.cc(443)] CRL - Verification failed.
[9780:684:0924/042608.595:ERROR:cast_crl.cc(443)] CRL - Verification failed.
[9780:684:0924/042712.611:ERROR:cast_crl.cc(443)] CRL - Verification failed.
[9780:684:0924/042747.292:ERROR:cast_crl.cc(443)] CRL - Verification failed.
[9780:684:0924/042821.623:ERROR:cast_crl.cc(443)] CRL - Verification failed.
[9780:684:0924/042925.305:ERROR:cast_crl.cc(443)] CRL - Verification failed.
[9780:684:0924/043012.303:ERROR:cast_crl.cc(443)] CRL - Verification failed.
[9780:684:0924/043129.650:ERROR:cast_crl.cc(443)] CRL - Verification failed.
[9780:684:0924/043201.652:ERROR:cast_crl.cc(443)] CRL - Verification failed.
[9780:684:0924/043254.663:ERROR:cast_crl.cc(443)] CRL - Verification failed.
[9780:684:0924/043426.021:ERROR:cast_crl.cc(443)] CRL - Verification failed.
[9780:684:0924/043503.022:ERROR:cast_crl.cc(443)] CRL - Verification failed.
[9780:684:0924/043557.367:ERROR:cast_crl.cc(443)] CRL - Verification failed.
[9780:684:0924/043643.376:ERROR:cast_crl.cc(443)] CRL - Verification failed.
[9780:684:0924/043816.396:ERROR:cast_crl.cc(443)] CRL - Verification failed.
[9780:684:0924/043903.406:ERROR:cast_crl.cc(443)] CRL - Verification failed.
[9780:684:0924/044006.750:ERROR:cast_crl.cc(443)] CRL - Verification failed.
[9780:684:0924/044040.090:ERROR:cast_crl.cc(443)] CRL - Verification failed.
[9780:684:0924/044115.100:ERROR:cast_crl.cc(443)] CRL - Verification failed.
[9780:684:0924/044218.103:ERROR:cast_crl.cc(443)] CRL - Verification failed.
[9780:684:0924/044253.442:ERROR:cast_crl.cc(443)] CRL - Verification failed.
[9780:684:0924/044325.118:ERROR:cast_crl.cc(443)] CRL - Verification failed.
[9780:684:0924/044430.795:ERROR:cast_crl.cc(443)] CRL - Verification failed.
[9780:684:0924/044505.131:ERROR:cast_crl.cc(443)] CRL - Verification failed.
[9780:684:0924/044539.806:ERROR:cast_crl.cc(443)] CRL - Verification failed.
[9780:684:0924/044645.145:ERROR:cast_crl.cc(443)] CRL - Verification failed.
[9780:684:0924/044729.333:ERROR:cast_crl.cc(443)] CRL - Verification failed.
[9780:684:0924/044804.836:ERROR:cast_crl.cc(443)] CRL - Verification failed.
[9780:684:0924/044907.166:ERROR:cast_crl.cc(443)] CRL - Verification failed.
[9780:684:0924/044942.177:ERROR:cast_crl.cc(443)] CRL - Verification failed.
[9780:684:0924/045106.198:ERROR:cast_crl.cc(443)] CRL - Verification failed.
[9780:684:0924/045138.744:ERROR:cast_crl.cc(443)] CRL - Verification failed.
[9780:684:0924/045232.213:ERROR:cast_crl.cc(443)] CRL - Verification failed.
[9780:684:0924/045336.882:ERROR:cast_crl.cc(443)] CRL - Verification failed.
[9780:684:0924/045408.552:ERROR:cast_crl.cc(443)] CRL - Verification failed.
[9780:684:0924/045531.021:ERROR:cast_crl.cc(443)] CRL - Verification failed.
[9780:684:0924/045618.572:ERROR:cast_crl.cc(443)] CRL - Verification failed.
[9780:684:0924/045746.252:ERROR:cast_crl.cc(443)] CRL - Verification failed.
[9780:684:0924/045831.924:ERROR:cast_crl.cc(443)] CRL - Verification failed.
[9780:684:0924/045936.272:ERROR:cast_crl.cc(443)] CRL - Verification failed.
[9780:684:0924/050022.609:ERROR:cast_crl.cc(443)] CRL - Verification failed.
[9780:684:0924/050127.955:ERROR:cast_crl.cc(443)] CRL - Verification failed.
[9780:684:0924/050218.303:ERROR:cast_crl.cc(443)] CRL - Verification failed.
[9780:684:0924/050351.977:ERROR:cast_crl.cc(443)] CRL - Verification failed.
[9780:684:0924/050437.655:ERROR:cast_crl.cc(443)] CRL - Verification failed.
[9780:684:0924/050540.324:ERROR:cast_crl.cc(443)] CRL - Verification failed.
[9780:684:0924/050613.335:ERROR:cast_crl.cc(443)] CRL - Verification failed.
[9780:684:0924/050646.001:ERROR:cast_crl.cc(443)] CRL - Verification failed.
[9780:684:0924/050823.362:ERROR:cast_crl.cc(443)] CRL - Verification failed.
[9780:684:0924/050906.697:ERROR:cast_crl.cc(443)] CRL - Verification failed.
[9780:684:0924/051011.046:ERROR:cast_crl.cc(443)] CRL - Verification failed.
[9780:684:0924/051043.715:ERROR:cast_crl.cc(443)] CRL - Verification failed.
[9780:684:0924/051202.402:ERROR:cast_crl.cc(443)] CRL - Verification failed.
[9780:684:0924/051245.742:ERROR:cast_crl.cc(443)] CRL - Verification failed.
[9780:684:0924/051423.077:ERROR:cast_crl.cc(443)] CRL - Verification failed.
[9780:684:0924/051508.416:ERROR:cast_crl.cc(443)] CRL - Verification failed.
[9780:684:0924/051614.429:ERROR:cast_crl.cc(443)] CRL - Verification failed.
[9780:684:0924/051658.434:ERROR:cast_crl.cc(443)] CRL - Verification failed.
[9780:684:0924/051731.115:ERROR:cast_crl.cc(443)] CRL - Verification failed.
[9780:684:0924/051854.139:ERROR:cast_crl.cc(443)] CRL - Verification failed.
[9780:684:0924/051941.134:ERROR:cast_crl.cc(443)] CRL - Verification failed.
[9780:684:0924/052111.813:ERROR:cast_crl.cc(443)] CRL - Verification failed.
[9780:684:0924/052155.823:ERROR:cast_crl.cc(443)] CRL - Verification failed.
[9780:684:0924/052302.165:ERROR:cast_crl.cc(443)] CRL - Verification failed.
[9780:684:0924/052348.174:ERROR:cast_crl.cc(443)] CRL - Verification failed.
[9780:684:0924/052450.179:ERROR:cast_crl.cc(443)] CRL - Verification failed.
[9780:684:0924/052536.030:ERROR:cast_crl.cc(443)] CRL - Verification failed.
[9780:684:0924/052712.542:ERROR:cast_crl.cc(443)] CRL - Verification failed.
[9780:684:0924/052756.552:ERROR:cast_crl.cc(443)] CRL - Verification failed.
[9780:684:0924/052900.302:ERROR:cast_crl.cc(443)] CRL - Verification failed.
[9780:684:0924/052947.573:ERROR:cast_crl.cc(443)] CRL - Verification failed.
[9780:684:0924/053019.914:ERROR:cast_crl.cc(443)] CRL - Verification failed.
[9780:684:0924/053141.587:ERROR:cast_crl.cc(443)] CRL - Verification failed.
[9780:684:0924/053228.593:ERROR:cast_crl.cc(443)] CRL - Verification failed.
[9780:684:0924/053333.613:ERROR:cast_crl.cc(443)] CRL - Verification failed.
[9780:684:0924/053407.949:ERROR:cast_crl.cc(443)] CRL - Verification failed.
[9780:684:0924/053442.283:ERROR:cast_crl.cc(443)] CRL - Verification failed.
[9780:684:0924/053533.965:ERROR:cast_crl.cc(443)] CRL - Verification failed.
[9780:684:0924/053621.308:ERROR:cast_crl.cc(443)] CRL - Verification failed.
[9780:684:0924/053653.308:ERROR:cast_crl.cc(443)] CRL - Verification failed.
[9780:684:0924/053806.653:ERROR:cast_crl.cc(443)] CRL - Verification failed.
[9780:684:0924/053853.987:ERROR:cast_crl.cc(443)] CRL - Verification failed.
[9780:684:0924/053956.342:ERROR:cast_crl.cc(443)] CRL - Verification failed.
[9780:684:0924/054041.674:ERROR:cast_crl.cc(443)] CRL - Verification failed.
[9780:684:0924/054214.028:ERROR:cast_crl.cc(443)] CRL - Verification failed.
[9780:684:0924/054300.370:ERROR:cast_crl.cc(443)] CRL - Verification failed.
[9780:684:0924/054402.725:ERROR:cast_crl.cc(443)] CRL - Verification failed.
[9780:684:0924/054448.054:ERROR:cast_crl.cc(443)] CRL - Verification failed.
[9780:684:0924/054554.077:ERROR:cast_crl.cc(443)] CRL - Verification failed.
[9780:684:0924/054644.744:ERROR:cast_crl.cc(443)] CRL - Verification failed.
[9780:684:0924/054816.417:ERROR:cast_crl.cc(443)] CRL - Verification failed.
[9780:684:0924/054901.762:ERROR:cast_crl.cc(443)] CRL - Verification failed.
[9780:684:0924/055005.767:ERROR:cast_crl.cc(443)] CRL - Verification failed.
[9780:684:0924/055040.475:ERROR:cast_crl.cc(443)] CRL - Verification failed.
[9780:684:0924/055124.439:ERROR:cast_crl.cc(443)] CRL - Verification failed.
[9780:684:0924/055306.793:ERROR:cast_crl.cc(443)] CRL - Verification failed.
[9780:684:0924/055339.795:ERROR:cast_crl.cc(443)] CRL - Verification failed.
[9780:684:0924/055502.292:ERROR:cast_crl.cc(443)] CRL - Verification failed.
[9780:684:0924/055548.489:ERROR:cast_crl.cc(443)] CRL - Verification failed.
[9780:684:0924/055652.850:ERROR:cast_crl.cc(443)] CRL - Verification failed.
[9780:684:0924/055727.503:ERROR:cast_crl.cc(443)] CRL - Verification failed.
[9780:684:0924/055759.839:ERROR:cast_crl.cc(443)] CRL - Verification failed.
[9780:684:0924/055852.069:ERROR:cast_crl.cc(443)] CRL - Verification failed.
[9780:684:0924/055927.547:ERROR:cast_crl.cc(443)] CRL - Verification failed.
[9780:684:0924/055958.207:ERROR:cast_crl.cc(443)] CRL - Verification failed.
[9780:684:0924/060104.207:ERROR:cast_crl.cc(443)] CRL - Verification failed.
[9780:684:0924/060150.884:ERROR:cast_crl.cc(443)] CRL - Verification failed.
[9780:684:0924/060324.235:ERROR:cast_crl.cc(443)] CRL - Verification failed.
[9780:684:0924/060409.913:ERROR:cast_crl.cc(443)] CRL - Verification failed.
[9780:684:0924/060513.253:ERROR:cast_crl.cc(443)] CRL - Verification failed.
[9780:684:0924/060547.593:ERROR:cast_crl.cc(443)] CRL - Verification failed.
[9780:684:0924/060620.145:ERROR:cast_crl.cc(443)] CRL - Verification failed.
[9780:684:0924/060725.952:ERROR:cast_crl.cc(443)] CRL - Verification failed.
[9780:684:0924/060800.618:ERROR:cast_crl.cc(443)] CRL - Verification failed.
[9780:684:0924/060835.289:ERROR:cast_crl.cc(443)] CRL - Verification failed.
[9780:684:0924/061006.643:ERROR:cast_crl.cc(443)] CRL - Verification failed.
[9780:684:0924/061055.977:ERROR:cast_crl.cc(443)] CRL - Verification failed.
[9780:684:0924/061225.992:ERROR:cast_crl.cc(443)] CRL - Verification failed.
[9780:684:0924/061313.670:ERROR:cast_crl.cc(443)] CRL - Verification failed.
[9780:684:0924/061433.355:ERROR:cast_crl.cc(443)] CRL - Verification failed.
[9780:684:0924/061519.689:ERROR:cast_crl.cc(443)] CRL - Verification failed.
[9780:684:0924/061625.365:ERROR:cast_crl.cc(443)] CRL - Verification failed.
[9780:684:0924/061659.377:ERROR:cast_crl.cc(443)] CRL - Verification failed.
[9780:684:0924/061745.722:ERROR:cast_crl.cc(443)] CRL - Verification failed.
[9780:684:0924/061837.392:ERROR:cast_crl.cc(443)] CRL - Verification failed.
[9780:684:0924/061910.397:ERROR:cast_crl.cc(443)] CRL - Verification failed.
[9780:684:0924/061958.408:ERROR:cast_crl.cc(443)] CRL - Verification failed.
[9780:684:0924/062100.755:ERROR:cast_crl.cc(443)] CRL - Verification failed.
[9780:684:0924/062135.762:ERROR:cast_crl.cc(443)] CRL - Verification failed.
[9780:684:0924/062249.437:ERROR:cast_crl.cc(443)] CRL - Verification failed.
[9780:684:0924/062324.111:ERROR:cast_crl.cc(443)] CRL - Verification failed.
[9780:684:0924/062358.451:ERROR:cast_crl.cc(443)] CRL - Verification failed.
[9780:684:0924/062517.128:ERROR:cast_crl.cc(443)] CRL - Verification failed.
[9780:684:0924/062601.462:ERROR:cast_crl.cc(443)] CRL - Verification failed.
[9780:684:0924/062705.472:ERROR:cast_crl.cc(443)] CRL - Verification failed.
[9780:684:0924/062750.818:ERROR:cast_crl.cc(443)] CRL - Verification failed.
[9780:684:0924/062909.163:ERROR:cast_crl.cc(443)] CRL - Verification failed.
[9780:684:0924/062940.840:ERROR:cast_crl.cc(443)] CRL - Verification failed.
[9780:684:0924/063025.844:ERROR:cast_crl.cc(443)] CRL - Verification failed.
[9780:684:0924/063131.849:ERROR:cast_crl.cc(443)] CRL - Verification failed.
[9780:684:0924/063334.879:ERROR:cast_crl.cc(443)] CRL - Verification failed.
[9780:684:0924/063419.550:ERROR:cast_crl.cc(443)] CRL - Verification failed.
[9780:684:0924/063525.237:ERROR:cast_crl.cc(443)] CRL - Verification failed.
[9780:684:0924/063557.571:ERROR:cast_crl.cc(443)] CRL - Verification failed.
[9780:684:0924/063642.249:ERROR:cast_crl.cc(443)] CRL - Verification failed.
[9780:684:0924/063805.588:ERROR:cast_crl.cc(443)] CRL - Verification failed.
[9780:684:0924/063838.264:ERROR:cast_crl.cc(443)] CRL - Verification failed.
[9780:684:0924/063859.937:ERROR:cast_crl.cc(443)] CRL - Verification failed.
[9780:684:0924/064019.612:ERROR:cast_crl.cc(443)] CRL - Verification failed.
[9780:684:0924/064104.963:ERROR:cast_crl.cc(443)] CRL - Verification failed.
[9780:684:0924/064211.301:ERROR:cast_crl.cc(443)] CRL - Verification failed.
[9780:684:0924/064243.649:ERROR:cast_crl.cc(443)] CRL - Verification failed.
[9780:684:0924/064318.652:ERROR:cast_crl.cc(443)] CRL - Verification failed.
[9780:684:0924/064410.992:ERROR:cast_crl.cc(443)] CRL - Verification failed.
[9780:684:0924/064459.002:ERROR:cast_crl.cc(443)] CRL - Verification failed.
[9780:684:0924/064533.340:ERROR:cast_crl.cc(443)] CRL - Verification failed.
[9780:684:0924/064638.032:ERROR:cast_crl.cc(443)] CRL - Verification failed.
[9780:684:0924/064710.360:ERROR:cast_crl.cc(443)] CRL - Verification failed.
[9780:684:0924/064832.708:ERROR:cast_crl.cc(443)] CRL - Verification failed.
[9780:684:0924/064920.614:ERROR:cast_crl.cc(443)] CRL - Verification failed.
[9780:684:0924/065051.745:ERROR:cast_crl.cc(443)] CRL - Verification failed.
[9780:684:0924/065139.414:ERROR:cast_crl.cc(443)] CRL - Verification failed.
[9780:684:0924/065245.751:ERROR:cast_crl.cc(443)] CRL - Verification failed.
[9780:684:0924/065317.760:ERROR:cast_crl.cc(443)] CRL - Verification failed.
[9780:684:0924/065405.107:ERROR:cast_crl.cc(443)] CRL - Verification failed.
[9780:684:0924/065459.446:ERROR:cast_crl.cc(443)] CRL - Verification failed.
[9780:684:0924/065531.446:ERROR:cast_crl.cc(443)] CRL - Verification failed.
[9780:684:0924/065610.120:ERROR:cast_crl.cc(443)] CRL - Verification failed.
[9780:684:0924/065715.798:ERROR:cast_crl.cc(443)] CRL - Verification failed.
[9780:684:0924/065750.136:ERROR:cast_crl.cc(443)] CRL - Verification failed.
[9780:684:0924/065822.469:ERROR:cast_crl.cc(443)] CRL - Verification failed.
[9780:684:0924/065928.476:ERROR:cast_crl.cc(443)] CRL - Verification failed.
[9780:684:0924/070000.815:ERROR:cast_crl.cc(443)] CRL - Verification failed.
[9780:684:0924/070035.487:ERROR:cast_crl.cc(443)] CRL - Verification failed.
[9780:684:0924/070140.496:ERROR:cast_crl.cc(443)] CRL - Verification failed.
[9780:684:0924/070255.854:ERROR:cast_crl.cc(443)] CRL - Verification failed.
[9780:684:0924/070339.859:ERROR:cast_crl.cc(443)] CRL - Verification failed.
[9780:684:0924/070439.201:ERROR:cast_crl.cc(443)] CRL - Verification failed.
[9780:684:0924/070530.542:ERROR:cast_crl.cc(443)] CRL - Verification failed.
[9780:684:0924/070630.886:ERROR:cast_crl.cc(443)] CRL - Verification failed.
[9780:684:0924/070705.236:ERROR:cast_crl.cc(443)] CRL - Verification failed.
[9780:684:0924/070738.922:ERROR:cast_crl.cc(443)] CRL - Verification failed.
[9780:684:0924/070856.243:ERROR:cast_crl.cc(443)] CRL - Verification failed.
[9780:684:0924/070943.919:ERROR:cast_crl.cc(443)] CRL - Verification failed.
[9780:684:0924/071047.259:ERROR:cast_crl.cc(443)] CRL - Verification failed.
[9780:684:0924/071121.945:ERROR:cast_crl.cc(443)] CRL - Verification failed.
[9780:684:0924/071154.277:ERROR:cast_crl.cc(443)] CRL - Verification failed.
[9780:684:0924/071257.775:ERROR:cast_crl.cc(443)] CRL - Verification failed.
[9780:684:0924/071334.293:ERROR:cast_crl.cc(443)] CRL - Verification failed.
[9780:684:0924/071406.624:ERROR:cast_crl.cc(443)] CRL - Verification failed.
[9780:684:0924/071512.633:ERROR:cast_crl.cc(443)] CRL - Verification failed.
[9780:684:0924/071558.982:ERROR:cast_crl.cc(443)] CRL - Verification failed.
[9780:684:0924/071631.320:ERROR:cast_crl.cc(443)] CRL - Verification failed.
[9780:684:0924/071737.665:ERROR:cast_crl.cc(443)] CRL - Verification failed.
[9780:684:0924/071809.338:ERROR:cast_crl.cc(443)] CRL - Verification failed.
[9780:684:0924/071842.339:ERROR:cast_crl.cc(443)] CRL - Verification failed.
[9780:684:0924/071936.348:ERROR:cast_crl.cc(443)] CRL - Verification failed.
[9780:684:0924/072011.349:ERROR:cast_crl.cc(443)] CRL - Verification failed.
[9780:684:0924/072100.694:ERROR:cast_crl.cc(443)] CRL - Verification failed.
[9780:684:0924/072154.366:ERROR:cast_crl.cc(443)] CRL - Verification failed.
[9780:684:0924/072226.162:ERROR:cast_crl.cc(443)] CRL - Verification failed.
[9780:684:0924/072314.707:ERROR:cast_crl.cc(443)] CRL - Verification failed.
[9780:684:0924/072424.056:ERROR:cast_crl.cc(443)] CRL - Verification failed.
[9780:684:0924/072456.062:ERROR:cast_crl.cc(443)] CRL - Verification failed.
[9780:684:0924/072613.745:ERROR:cast_crl.cc(443)] CRL - Verification failed.
[9780:684:0924/072633.818:ERROR:cast_crl.cc(443)] CRL - Verification failed.
[9780:684:0924/072634.486:ERROR:cast_crl.cc(443)] CRL - Verification failed.
[9780:684:0924/072643.629:ERROR:cast_crl.cc(443)] CRL - Verification failed.
[9780:684:0924/072658.494:ERROR:cast_crl.cc(443)] CRL - Verification failed.
[9780:684:0924/072700.422:ERROR:cast_crl.cc(443)] CRL - Verification failed.
[9780:684:0924/072828.775:ERROR:cast_crl.cc(443)] CRL - Verification failed.
[9780:684:0924/072940.115:ERROR:cast_crl.cc(443)] CRL - Verification failed.
[9780:684:0924/073014.458:ERROR:cast_crl.cc(443)] CRL - Verification failed.
[9780:684:0924/073046.801:ERROR:cast_crl.cc(443)] CRL - Verification failed.
[9780:684:0924/073150.814:ERROR:cast_crl.cc(443)] CRL - Verification failed.
[9780:684:0924/073223.492:ERROR:cast_crl.cc(443)] CRL - Verification failed.
[9780:684:0924/073258.491:ERROR:cast_crl.cc(443)] CRL - Verification failed.
[9780:684:0924/073403.185:ERROR:cast_crl.cc(443)] CRL - Verification failed.
[9780:684:0924/073437.510:ERROR:cast_crl.cc(443)] CRL - Verification failed.
[9780:684:0924/073527.194:ERROR:cast_crl.cc(443)] CRL - Verification failed.
[9780:684:0924/073614.528:ERROR:cast_crl.cc(443)] CRL - Verification failed.
[9780:684:0924/073649.545:ERROR:cast_crl.cc(443)] CRL - Verification failed.
[9780:684:0924/073735.206:ERROR:cast_crl.cc(443)] CRL - Verification failed.
[9780:684:0924/073837.891:ERROR:cast_crl.cc(443)] CRL - Verification failed.
[9780:684:0924/073910.554:ERROR:cast_crl.cc(443)] CRL - Verification failed.
[9780:684:0924/073943.115:ERROR:cast_crl.cc(443)] CRL - Verification failed.
[9780:684:0924/074047.910:ERROR:cast_crl.cc(443)] CRL - Verification failed.
[9780:684:0924/074250.255:ERROR:cast_crl.cc(443)] CRL - Verification failed.
[9780:684:0924/074335.932:ERROR:cast_crl.cc(443)] CRL - Verification failed.
[9780:684:0924/074440.626:ERROR:cast_crl.cc(443)] CRL - Verification failed.
[9780:684:0924/074527.633:ERROR:cast_crl.cc(443)] CRL - Verification failed.
[9780:684:0924/074559.960:ERROR:cast_crl.cc(443)] CRL - Verification failed.
[9780:684:0924/074723.637:ERROR:cast_crl.cc(443)] CRL - Verification failed.
[9780:684:0924/074755.983:ERROR:cast_crl.cc(443)] CRL - Verification failed.
[9780:684:0924/074923.069:ERROR:cast_crl.cc(443)] CRL - Verification failed.
[9780:684:0924/074923.736:ERROR:cast_crl.cc(443)] CRL - Verification failed.
[9780:684:0924/074939.146:ERROR:cast_crl.cc(443)] CRL - Verification failed.
[9780:684:0924/075137.692:ERROR:cast_crl.cc(443)] CRL - Verification failed.
[9780:684:0924/075307.048:ERROR:cast_crl.cc(443)] CRL - Verification failed.
[9780:684:0924/075354.716:ERROR:cast_crl.cc(443)] CRL - Verification failed.
[9780:684:0924/075523.396:ERROR:cast_crl.cc(443)] CRL - Verification failed.
[9780:684:0924/075609.069:ERROR:cast_crl.cc(443)] CRL - Verification failed.
[9780:684:0924/075742.416:ERROR:cast_crl.cc(443)] CRL - Verification failed.
[9780:684:0924/075901.099:ERROR:cast_crl.cc(443)] CRL - Verification failed.
[9780:684:0924/080116.784:ERROR:cast_crl.cc(443)] CRL - Verification failed.
[9780:684:0924/080149.118:ERROR:cast_crl.cc(443)] CRL - Verification failed.
[9780:684:0924/080330.467:ERROR:cast_crl.cc(443)] CRL - Verification failed.
[9780:684:0924/080405.143:ERROR:cast_crl.cc(443)] CRL - Verification failed.
[9780:684:0924/080545.953:ERROR:cast_crl.cc(443)] CRL - Verification failed.
[9780:684:0924/080631.822:ERROR:cast_crl.cc(443)] CRL - Verification failed.
[9780:684:0924/080803.182:ERROR:cast_crl.cc(443)] CRL - Verification failed.
[9780:684:0924/080935.860:ERROR:cast_crl.cc(443)] CRL - Verification failed.
[9780:684:0924/081027.200:ERROR:cast_crl.cc(443)] CRL - Verification failed.
[9780:684:0924/081149.548:ERROR:cast_crl.cc(443)] CRL - Verification failed.
[9780:684:0924/081244.892:ERROR:cast_crl.cc(443)] CRL - Verification failed.
[9780:684:0924/081342.231:ERROR:cast_crl.cc(443)] CRL - Verification failed.
[9780:684:0924/081414.239:ERROR:cast_crl.cc(443)] CRL - Verification failed.
[9780:684:0924/081458.597:ERROR:cast_crl.cc(443)] CRL - Verification failed.
[9780:684:0924/081620.592:ERROR:cast_crl.cc(443)] CRL - Verification failed.
[9780:684:0924/081706.264:ERROR:cast_crl.cc(443)] CRL - Verification failed.
[9780:684:0924/081810.269:ERROR:cast_crl.cc(443)] CRL - Verification failed.
[9780:684:0924/081900.287:ERROR:cast_crl.cc(443)] CRL - Verification failed.
[9780:684:0924/082011.301:ERROR:cast_crl.cc(443)] CRL - Verification failed.
[9780:684:0924/082054.297:ERROR:cast_crl.cc(443)] CRL - Verification failed.
[9780:684:0924/082158.655:ERROR:cast_crl.cc(443)] CRL - Verification failed.
[9780:684:0924/082353.330:ERROR:cast_crl.cc(443)] CRL - Verification failed.
[9780:684:0924/082527.008:ERROR:cast_crl.cc(443)] CRL - Verification failed.
[9780:684:0924/082612.678:ERROR:cast_crl.cc(443)] CRL - Verification failed.
[9780:684:0924/082742.693:ERROR:cast_crl.cc(443)] CRL - Verification failed.
[9780:684:0924/082828.369:ERROR:cast_crl.cc(443)] CRL - Verification failed.
[9780:684:0924/082932.717:ERROR:cast_crl.cc(443)] CRL - Verification failed.
[9780:684:0924/083015.720:ERROR:cast_crl.cc(443)] CRL - Verification failed.
[9780:684:0924/083121.729:ERROR:cast_crl.cc(443)] CRL - Verification failed.
[9780:684:0924/083208.741:ERROR:cast_crl.cc(443)] CRL - Verification failed.
[9780:684:0924/083344.098:ERROR:cast_crl.cc(443)] CRL - Verification failed.
[9780:684:0924/083428.766:ERROR:cast_crl.cc(443)] CRL - Verification failed.
[9780:684:0924/083535.448:ERROR:cast_crl.cc(443)] CRL - Verification failed.
[9780:684:0924/083633.809:ERROR:cast_crl.cc(443)] CRL - Verification failed.
[9780:684:0924/083730.228:ERROR:cast_crl.cc(443)] CRL - Verification failed.
[9780:684:0924/083833.802:ERROR:cast_crl.cc(443)] CRL - Verification failed.
[9780:684:0924/084127.242:ERROR:cast_crl.cc(443)] CRL - Verification failed.
[9780:684:0924/084128.048:ERROR:cast_crl.cc(443)] CRL - Verification failed.
[9780:684:0924/084140.912:ERROR:cast_crl.cc(443)] CRL - Verification failed.
[9780:684:0924/084151.914:ERROR:cast_crl.cc(443)] CRL - Verification failed.
[9780:684:0924/084425.984:ERROR:cast_crl.cc(443)] CRL - Verification failed.
[9780:684:0924/093618.982:ERROR:cast_crl.cc(443)] CRL - Verification failed.
[9780:684:0924/093632.371:ERROR:cast_crl.cc(443)] CRL - Verification failed.
[9780:684:0924/093723.571:ERROR:cast_crl.cc(443)] CRL - Verification failed.
[9780:684:0924/093724.238:ERROR:cast_crl.cc(443)] CRL - Verification failed.
[9780:684:0924/093737.233:ERROR:cast_crl.cc(443)] CRL - Verification failed.
[9780:684:0924/093749.232:ERROR:cast_crl.cc(443)] CRL - Verification failed.
[9780:17604:0924/095715.656:WARNING:pref_notifier_impl.cc(41)] Pref observer for media_router.cast_allow_all_ips found at shutdown.
